participant_id,position,task_id,method,completed,time_seconds,confidence,trust,answer,note
P01,1,TK1,melbournemate,,,,,,
P01,2,TK2,melbournemate,,,,,,
P01,3,TK4,official-search,,,,,,
P01,4,TK6,official-search,,,,,,
P02,1,TK4,melbournemate,,,,,,
P02,2,TK6,melbournemate,,,,,,
P02,3,TK1,official-search,,,,,,
P02,4,TK2,official-search,,,,,,
P03,1,TK4,official-search,,,,,,
P03,2,TK6,official-search,,,,,,
P03,3,TK1,melbournemate,,,,,,
P03,4,TK2,melbournemate,,,,,,
P04,1,TK1,official-search,,,,,,
P04,2,TK2,official-search,,,,,,
P04,3,TK4,melbournemate,,,,,,
P04,4,TK6,melbournemate,,,,,,
P05,1,TK2,melbournemate,,,,,,
P05,2,TK1,melbournemate,,,,,,
P05,3,TK6,official-search,,,,,,
P05,4,TK4,official-search,,,,,,
P06,1,TK2,official-search,,,,,,
P06,2,TK1,official-search,,,,,,
P06,3,TK6,melbournemate,,,,,,
P06,4,TK4,melbournemate,,,,,,
