group,method,attempts,participants,completed_rate,partial_rate,median_seconds,mean_confidence,mean_trust
all,melbournemate,10,5,0.6,0.4,26.5,5,5
all,official-search,10,5,0.1,0.8,154.0,4.2,4.3
TK1,melbournemate,3,3,0.667,0.333,17,5,5
TK1,official-search,2,2,0.0,1.0,121.0,5,5
TK2,melbournemate,3,3,0.0,1.0,27,5,5
TK2,official-search,2,2,0.0,1.0,117.5,4,4
TK4,melbournemate,2,2,1.0,0.0,49.0,5,5
TK4,official-search,3,3,0.0,0.667,195,3,3.33
TK6,melbournemate,2,2,1.0,0.0,24.5,5,5
TK6,official-search,3,3,0.333,0.667,128,5,5
