question_id,risk_category
Q04C,employment
Q04P1,employment
Q04P2,employment
Q08C,health
Q08P1,health
Q08P2,health
Q10C,emergency
Q10P1,emergency
Q10P2,emergency
Q14C,general
Q14P1,general
Q14P2,general
Q17C,housing
Q17P1,housing
Q17P2,housing
Q18C,housing
Q18P1,housing
Q18P2,housing
Q20C,housing
Q20P1,housing
Q20P2,housing
Q23C,employment
Q23P1,employment
Q23P2,employment
Q25C,general
Q25P1,general
Q25P2,general
Q26C,general
Q26P1,general
Q26P2,general
Q28C,visa
Q28P1,visa
Q28P2,visa
Q30C,general
Q30P1,general
Q30P2,general
QX01,general
QX02,visa
QX03,employment
QX04,general
QX05,general
QX06,visa
QX07,general
QX08,general
QX09,visa
QX10,employment
QX11,housing
QX12,visa
QX13,health
QX14,housing
QX15,employment
QX16,housing
QX17,housing
QX18,general
QX19,general
QX20,general
QX21,visa
QX22,general
QX23,employment
QX24,general
QX25,general
QX26,general
QX27,general
QX28,general
QX29,general
QX30,housing
