question_id,answer,support,judge
Q01C,Student visa holders may work up to 48 hours in a fortnight while their course is in session.,P01-1#0,seed-author
Q01P1,Student visa holders may work up to 48 hours in a fortnight while their course is in session.,P01-1#0,seed-author
Q01P2,Student visa holders may work up to 48 hours in a fortnight while their course is in session.,P01-1#0,seed-author
Q02C,Home Affairs says work experience is generally counted toward the 48-hour fortnightly student work limit whether it is paid or unpaid. The student visa work limit applies while the course is in session.,P02-1#0;P02-2#0,seed-author
Q02P1,Home Affairs says work experience is generally counted toward the 48-hour fortnightly student work limit whether it is paid or unpaid. The student visa work limit applies while the course is in session.,P02-1#0;P02-2#0,seed-author
Q02P2,Home Affairs says work experience is generally counted toward the 48-hour fortnightly student work limit whether it is paid or unpaid. The student visa work limit applies while the course is in session.,P02-1#0;P02-2#0,seed-author
Q03C,"From 1 July 2026, the National Minimum Wage is $26.",P03-1#0,seed-author
Q03P1,"From 1 July 2026, the National Minimum Wage is $26.",P03-1#0,seed-author
Q03P2,"From 1 July 2026, the National Minimum Wage is $26.",P03-1#0,seed-author
Q04C,"International students have the same minimum workplace protections as other employees, regardless of migration status under the Migration Act. If an employer pays less than the applicable award or agreement rate, first identify the instrument that covers the job and retain rosters, timesheets, messages and pay records.",P04-1#0;P04-2#0,seed-author
Q04P1,"International students have the same minimum workplace protections as other employees, regardless of migration status under the Migration Act. If an employer pays less than the applicable award or agreement rate, first identify the instrument that covers the job and retain rosters, timesheets, messages and pay records.",P04-1#0;P04-2#0,seed-author
Q04P2,"International students have the same minimum workplace protections as other employees, regardless of migration status under the Migration Act. If an employer pays less than the applicable award or agreement rate, first identify the instrument that covers the job and retain rosters, timesheets, messages and pay records.",P04-1#0;P04-2#0,seed-author
Q05C,A Student visa page describes work limits while a course is in session and says students can work unlimited hours when the course is not in session.,P05-1#0,seed-author
Q05P1,A Student visa page describes work limits while a course is in session and says students can work unlimited hours when the course is not in session.,P05-1#0,seed-author
Q05P2,A Student visa page describes work limits while a course is in session and says students can work unlimited hours when the course is not in session.,P05-1#0,seed-author
Q06C,Overseas Student Health Cover (OSHC) is health insurance for international students living and studying in Australia.,P06-1#0,seed-author
Q06P1,Overseas Student Health Cover (OSHC) is health insurance for international students living and studying in Australia.,P06-1#0,seed-author
Q06P2,Overseas Student Health Cover (OSHC) is health insurance for international students living and studying in Australia.,P06-1#0,seed-author
Q07C,"For a non-emergency illness, Study Melbourne recommends starting with a general practitioner (GP), which is often more affordable than going directly to a hospital.",P07-1#0,seed-author
Q07P1,"For a non-emergency illness, Study Melbourne recommends starting with a general practitioner (GP), which is often more affordable than going directly to a hospital.",P07-1#0,seed-author
Q07P2,"For a non-emergency illness, Study Melbourne recommends starting with a general practitioner (GP), which is often more affordable than going directly to a hospital.",P07-1#0,seed-author
Q08C,"Basic OSHC does not include optical care such as glasses or dental services such as check-ups, fillings or dental surgery. OSHC policies can leave gaps between the insurer benefit and a provider's fee, and some services may not be covered.",P08-1#0;P08-2#0,seed-author
Q08P1,"Basic OSHC does not include optical care such as glasses or dental services such as check-ups, fillings or dental surgery. OSHC policies can leave gaps between the insurer benefit and a provider's fee, and some services may not be covered.",P08-1#0;P08-2#0,seed-author
Q08P2,"Basic OSHC does not include optical care such as glasses or dental services such as check-ups, fillings or dental surgery. OSHC policies can leave gaps between the insurer benefit and a provider's fee, and some services may not be covered.",P08-1#0;P08-2#0,seed-author
Q09C,Australia has Reciprocal Health Care Agreements with a limited set of countries. Most international students on a Student visa subclass 500 must hold OSHC for their stay.,P09-1#0;P09-2#0,seed-author
Q09P1,Australia has Reciprocal Health Care Agreements with a limited set of countries. Most international students on a Student visa subclass 500 must hold OSHC for their stay.,P09-1#0;P09-2#0,seed-author
Q09P2,Australia has Reciprocal Health Care Agreements with a limited set of countries. Most international students on a Student visa subclass 500 must hold OSHC for their stay.,P09-1#0;P09-2#0,seed-author
Q10C,"If someone is experiencing a medical emergency or is at immediate risk in Victoria, call Triple Zero (000) or go to a hospital emergency department. Ambulance transport can involve charges and is not automatically covered by Medicare.",P10-1#0;P10-2#0,seed-author
Q10P1,"If someone is experiencing a medical emergency or is at immediate risk in Victoria, call Triple Zero (000) or go to a hospital emergency department. Ambulance transport can involve charges and is not automatically covered by Medicare.",P10-1#0;P10-2#0,seed-author
Q10P2,"If someone is experiencing a medical emergency or is at immediate risk in Victoria, call Triple Zero (000) or go to a hospital emergency department. Ambulance transport can involve charges and is not automatically covered by Medicare.",P10-1#0;P10-2#0,seed-author
Q11C,Tap on at the start of each trip.,P11-1#0,seed-author
Q11P1,Tap on at the start of each trip.,P11-1#0,seed-author
Q11P2,Tap on at the start of each trip.,P11-1#0,seed-author
Q12C,"The International Student Travel Pass is a separate discounted travel product, not a concession automatically granted to every international student. myki is the payment system used on most public transport in Victoria; owning or topping up a myki does not itself prove concession eligibility.",P12-1#0;P12-2#0,seed-author
Q12P1,"The International Student Travel Pass is a separate discounted travel product, not a concession automatically granted to every international student. myki is the payment system used on most public transport in Victoria; owning or topping up a myki does not itself prove concession eligibility.",P12-1#0;P12-2#0,seed-author
Q12P2,"The International Student Travel Pass is a separate discounted travel product, not a concession automatically granted to every international student. myki is the payment system used on most public transport in Victoria; owning or topping up a myki does not itself prove concession eligibility.",P12-1#0;P12-2#0,seed-author
Q13C,Study Melbourne lists SkyBus as a frequent connection between Melbourne Airport and Southern Cross Station in the city centre.,P13-1#0,seed-author
Q13P1,Study Melbourne lists SkyBus as a frequent connection between Melbourne Airport and Southern Cross Station in the city centre.,P13-1#0,seed-author
Q13P2,Study Melbourne lists SkyBus as a frequent connection between Melbourne Airport and Southern Cross Station in the city centre.,P13-1#0,seed-author
Q14C,A passenger must hold and use a valid ticket for the trip.,P14-1#0,seed-author
Q14P1,A passenger must hold and use a valid ticket for the trip.,P14-1#0,seed-author
Q14P2,A passenger must hold and use a valid ticket for the trip.,P14-1#0,seed-author
Q15C,The Residential Tenancies Bond Authority (RTBA) holds Victorian residential rental bonds in trust.,P15-1#0,seed-author
Q15P1,The Residential Tenancies Bond Authority (RTBA) holds Victorian residential rental bonds in trust.,P15-1#0,seed-author
Q15P2,The Residential Tenancies Bond Authority (RTBA) holds Victorian residential rental bonds in trust.,P15-1#0,seed-author
Q16C,"A renter whose name is on a Victorian bond can start a bond claim through the RTBA after the rental agreement ends and must authenticate identity through Service Victoria. At the end of a tenancy, the RTBA repays the bond as agreed by the renter and rental provider or as directed by VCAT or a court.",P16-1#0;P16-2#0,seed-author
Q16P1,"A renter whose name is on a Victorian bond can start a bond claim through the RTBA after the rental agreement ends and must authenticate identity through Service Victoria. At the end of a tenancy, the RTBA repays the bond as agreed by the renter and rental provider or as directed by VCAT or a court.",P16-1#0;P16-2#0,seed-author
Q16P2,"A renter whose name is on a Victorian bond can start a bond claim through the RTBA after the rental agreement ends and must authenticate identity through Service Victoria. At the end of a tenancy, the RTBA repays the bond as agreed by the renter and rental provider or as directed by VCAT or a court.",P16-1#0;P16-2#0,seed-author
Q17C,"Before signing a Victorian rental agreement, read and keep a copy of the agreement and ask questions about unclear terms.",P17-1#0,seed-author
Q17P1,"Before signing a Victorian rental agreement, read and keep a copy of the agreement and ask questions about unclear terms.",P17-1#0,seed-author
Q17P2,"Before signing a Victorian rental agreement, read and keep a copy of the agreement and ask questions about unclear terms.",P17-1#0,seed-author
Q18C,"Victorian urgent repairs include a blocked or broken toilet, gas leak, dangerous electrical fault, serious roof leak, or failure of an essential hot-water, water, cooking, heating or laundering service. If the provider or agent does not respond promptly after being notified, a renter may organise and pay for an urgent repair costing $2,500 or less, then send written notice and receipts requesting repayment.",P18-1#0;P18-2#0,seed-author
Q18P1,"Victorian urgent repairs include a blocked or broken toilet, gas leak, dangerous electrical fault, serious roof leak, or failure of an essential hot-water, water, cooking, heating or laundering service. If the provider or agent does not respond promptly after being notified, a renter may organise and pay for an urgent repair costing $2,500 or less, then send written notice and receipts requesting repayment.",P18-1#0;P18-2#0,seed-author
Q18P2,"Victorian urgent repairs include a blocked or broken toilet, gas leak, dangerous electrical fault, serious roof leak, or failure of an essential hot-water, water, cooking, heating or laundering service. If the provider or agent does not respond promptly after being notified, a renter may organise and pay for an urgent repair costing $2,500 or less, then send written notice and receipts requesting repayment.",P18-1#0;P18-2#0,seed-author
Q19C,Rent in advance is rent paid before the period it covers; it is a payment to the rental provider and is not money held as a bond.,P19-1#0,seed-author
Q19P1,Rent in advance is rent paid before the period it covers; it is a payment to the rental provider and is not money held as a bond.,P19-1#0,seed-author
Q19P2,Rent in advance is rent paid before the period it covers; it is a payment to the rental provider and is not money held as a bond.,P19-1#0,seed-author
Q20C,"Study Melbourne describes private rentals, student accommodation, homestay and short-term stays as possible housing options.",P20-1#0,seed-author
Q20P1,"Study Melbourne describes private rentals, student accommodation, homestay and short-term stays as possible housing options.",P20-1#0,seed-author
Q20P2,"Study Melbourne describes private rentals, student accommodation, homestay and short-term stays as possible housing options.",P20-1#0,seed-author
Q21C,Banks set their own identity and application requirements.,P21-1#0,seed-author
Q21P1,Banks set their own identity and application requirements.,P21-1#0,seed-author
Q21P2,Banks set their own identity and application requirements.,P21-1#0,seed-author
Q22C,A tax file number (TFN) is a personal identifier used in the Australian tax and superannuation system.,P22-1#0,seed-author
Q22P1,A tax file number (TFN) is a personal identifier used in the Australian tax and superannuation system.,P22-1#0,seed-author
Q22P2,A tax file number (TFN) is a personal identifier used in the Australian tax and superannuation system.,P22-1#0,seed-author
Q23C,"An overseas student enrolled in an Australian course lasting six months or more may be an Australian resident for tax purposes, but this is not automatic solely because of a visa. Whether a person must lodge a tax return depends on their income, residency, withholding and other circumstances for that financial year.",P23-1#0;P23-2#0,seed-author
Q23P1,"An overseas student enrolled in an Australian course lasting six months or more may be an Australian resident for tax purposes, but this is not automatic solely because of a visa. Whether a person must lodge a tax return depends on their income, residency, withholding and other circumstances for that financial year.",P23-1#0;P23-2#0,seed-author
Q23P2,"An overseas student enrolled in an Australian course lasting six months or more may be an Australian resident for tax purposes, but this is not automatic solely because of a visa. Whether a person must lodge a tax return depends on their income, residency, withholding and other circumstances for that financial year.",P23-1#0;P23-2#0,seed-author
Q24C,Travellers bringing food into Australia should read the current Australian Border Force and biosecurity rules before packing.,P24-1#0,seed-author
Q24P1,Travellers bringing food into Australia should read the current Australian Border Force and biosecurity rules before packing.,P24-1#0,seed-author
Q24P2,Travellers bringing food into Australia should read the current Australian Border Force and biosecurity rules before packing.,P24-1#0,seed-author
Q25C,"Study Melbourne's pre-departure checklist recommends confirming travel and enrolment arrangements, keeping key documents accessible, knowing how to contact the education provider, and preparing health cover and money arrangements.",P25-1#0,seed-author
Q25P1,"Study Melbourne's pre-departure checklist recommends confirming travel and enrolment arrangements, keeping key documents accessible, knowing how to contact the education provider, and preparing health cover and money arrangements.",P25-1#0,seed-author
Q25P2,"Study Melbourne's pre-departure checklist recommends confirming travel and enrolment arrangements, keeping key documents accessible, knowing how to contact the education provider, and preparing health cover and money arrangements.",P25-1#0,seed-author
Q26C,A person without an Australian driver licence may apply for a Victorian Proof of Age card if they meet the age and identity requirements. Study Melbourne explains that overseas students may use different identity documents in different settings.,P26-1#0;P26-2#0,seed-author
Q26P1,A person without an Australian driver licence may apply for a Victorian Proof of Age card if they meet the age and identity requirements. Study Melbourne explains that overseas students may use different identity documents in different settings.,P26-1#0;P26-2#0,seed-author
Q26P2,A person without an Australian driver licence may apply for a Victorian Proof of Age card if they meet the age and identity requirements. Study Melbourne explains that overseas students may use different identity documents in different settings.,P26-1#0;P26-2#0,seed-author
Q27C,"Australian education providers commonly offer support such as academic skills assistance, counselling, accessibility support, international student advice and student wellbeing services.",P27-1#0,seed-author
Q27P1,"Australian education providers commonly offer support such as academic skills assistance, counselling, accessibility support, international student advice and student wellbeing services.",P27-1#0,seed-author
Q27P2,"Australian education providers commonly offer support such as academic skills assistance, counselling, accessibility support, international student advice and student wellbeing services.",P27-1#0,seed-author
Q28C,"Condition 8202 requires a Student visa holder to remain enrolled in a registered course, maintain the required Australian Qualifications Framework level, and maintain satisfactory attendance and course progress as required by the education provider.",P28-1#0,seed-author
Q28P1,"Condition 8202 requires a Student visa holder to remain enrolled in a registered course, maintain the required Australian Qualifications Framework level, and maintain satisfactory attendance and course progress as required by the education provider.",P28-1#0,seed-author
Q28P2,"Condition 8202 requires a Student visa holder to remain enrolled in a registered course, maintain the required Australian Qualifications Framework level, and maintain satisfactory attendance and course progress as required by the education provider.",P28-1#0,seed-author
Q29C,"Call Triple Zero (000) if there is an emergency, immediate danger or a crime happening now.",P29-1#0,seed-author
Q29P1,"Call Triple Zero (000) if there is an emergency, immediate danger or a crime happening now.",P29-1#0,seed-author
Q29P2,"Call Triple Zero (000) if there is an emergency, immediate danger or a crime happening now.",P29-1#0,seed-author
Q30C,"Study Melbourne's support hub can refer international students to free, confidential and independent legal advice about employment and accommodation concerns. Students can also contact their education provider's international student office, student union or wellbeing service for referrals and practical support.",P30-1#0;P30-2#0,seed-author
Q30P1,"Study Melbourne's support hub can refer international students to free, confidential and independent legal advice about employment and accommodation concerns. Students can also contact their education provider's international student office, student union or wellbeing service for referrals and practical support.",P30-1#0;P30-2#0,seed-author
Q30P2,"Study Melbourne's support hub can refer international students to free, confidential and independent legal advice about employment and accommodation concerns. Students can also contact their education provider's international student office, student union or wellbeing service for referrals and practical support.",P30-1#0;P30-2#0,seed-author
