source_id,checked_on,checked_by,url,page_last_updated,status,passages,note
S01,2026-09-27,Siriporn,https://immi.homeaffairs.gov.au/visas/getting-a-visa/visa-listing/student-500,2026-09-21,verified,P01-1 P02-2 P05-1,48 hours a fortnight in session; research master's and doctoral exemption; unlimited hours when not in session.
S02,2026-09-27,Siriporn,https://immi.homeaffairs.gov.au/visas/already-have-a-visa/check-visa-details-and-conditions/conditions-list,2026-02-23,verified,P02-1,Work experience counts toward 48 hours unless a mandatory CRICOS-registered course component. Same URL as S28.
S03,2026-09-27,Siriporn,https://www.fairwork.gov.au/tools-and-resources/fact-sheets/rights-and-obligations/international-students,,passage-corrected,P04-1 P04-2,Page says a pay slip is due within one day of being paid; P04-1 wording changed from 'one working day after pay day' to match.
S04,2026-09-27,Siriporn,https://www.fairwork.gov.au/tools-and-resources/fact-sheets/minimum-workplace-entitlements/minimum-wages,,verified,P03-1,"From 1 July 2026: $26.44 per hour, $1,004.90 per week, 25% casual loading."
S05,2026-09-27,Siriporn,https://www.studyaustralia.gov.au/en/tools-and-resources/tips-and-advice-for-students/oshc-what-international-students-need-to-know,,verified,P06-1 P08-1 P09-2,OSHC is a visa requirement for most subclass 500 holders for the entire stay; basic OSHC excludes optical and dental.
S06,2026-09-27,Siriporn,https://studymelbourne.vic.gov.au/study-with-us/enrolments-and-student-visas/overseas-student-health-cover,,verified,P07-1 P08-2,"GP often more affordable than hospital; keep receipts and claim through insurer app, email or website; out-of-pocket costs."
S07,2026-09-27,Siriporn,https://www.servicesaustralia.gov.au/about-reciprocal-health-care-agreements?context=22481,2026-09-15,verified,P09-1,Agreements with a limited list of countries for medically necessary care.
S08,2026-09-27,Siriporn,https://www.health.vic.gov.au/patient-care/ambulance-and-non-emergency-patient-transport,2026-03-02,verified,P10-2,Ambulance transport is not covered by Medicare. The OSHC ambulance sentence is attributed to Study Melbourne (see S06).
S09,2026-09-27,Siriporn,https://transport.vic.gov.au/tickets-and-payments/myki/tap-on-and-off-with-myki,,verified,P11-1 P12-2,"Tap on/off rules, Zone 1 tram exception, green light, default fare. Concession wording in P12-2 is a general caution."
S10,2026-09-27,Siriporn,https://studymelbourne.vic.gov.au/about-study-melbourne/our-student-programs/international-student-travel-pass,2026-04-20,verified,P12-1,Full-time undergraduate international students at participating providers; discount product.
S11,2026-09-27,Siriporn,https://studymelbourne.vic.gov.au/living-here/transport/flying-into-melbourne,2026-09-16,verified,P13-1,"SkyBus to Southern Cross; taxis, rideshare, buses and shuttles; Avalon is a different airport."
S12,2026-09-27,Siriporn,https://transport.vic.gov.au/plan-a-journey/travel-tips-and-resources/public-transport-safety-and-security/fines-and-authorised-officers-on-public-transport,,url-updated,P14-1,"Old PTV URL redirects to Transport Victoria. URL, organisation and title updated. Officers report; the department issues a fine, warning or summons."
S13,2026-09-27,Siriporn,https://www.consumer.vic.gov.au/housing/renting/rent-bond-bills-and-condition-reports/bond/lodging-the-bond-with-the-rtba,2025-12-18,verified,P15-1,Bond held in trust by the RTBA; lodged within 14 days. P16-2 moved to S14 because this page does not cover repayment orders.
S14,2026-09-27,Siriporn,https://www.consumer.vic.gov.au/housing/renting/rent-bond-bills-and-condition-reports/bond/bond-claims-and-refunds,2026-06-28,verified,P16-1 P16-2,Service Victoria authentication; 14 days to contest via VCAT or RDRV; repayment usually within one business day; court orders.
S15,2026-09-27,Siriporn,https://www.consumer.vic.gov.au/housing/renting/starting-and-changing-rental-agreements/applying-signing-and-moving-in/knowing-your-rights-when-signing-an-agreement,2026-03-30,verified,P17-1,"Copy of agreement, condition report and a phone number for urgent repairs at the start of the agreement."
S16,2026-09-27,Siriporn,https://www.consumer.vic.gov.au/housing/renting/repairs-alterations-safety-and-pets/repairs/repairs-in-rental-properties,2026-02-26,verified,P18-1 P18-2,Urgent repair list; renter may pay up to $2500 and be repaid within 7 days; above $2500 apply to RDRV; keep paying rent.
S17,2026-09-27,Siriporn,https://www.consumer.vic.gov.au/housing/renting/rent-bond-bills-and-condition-reports/rent/rent-payments-and-rent-in-advance,2026-03-30,verified,P19-1,Rent in advance limited to one month (14 days if weekly) unless rent is above $900 a week.
S18,2026-09-27,Siriporn,https://studymelbourne.vic.gov.au/living-here/accommodation/how-to-find-accommodation,2026-06-09,verified,P20-1,"Private rental, student accommodation, homestay and short-term options; inspect before signing."
S19,2026-09-27,Siriporn,https://studymelbourne.vic.gov.au/living-here/money-and-budgeting/open-a-bank-account,2026-09-14,verified,P21-1,"Passport, offer letter or eCoE; account can be opened before or after arrival; compare fees."
S20,2026-09-27,Siriporn,https://www.ato.gov.au/individuals-and-families/tax-file-number/apply-for-a-tfn/foreign-passport-holders-permanent-migrants-and-temporary-visitors-tfn-application,2026-06-22,verified,P22-1,Online application is free.
S21,2026-09-27,Siriporn,https://www.ato.gov.au/individuals-and-families/coming-to-australia-or-going-overseas/residency-tests/residency-the-resides-test,2026-06-03,url-updated,P23-1,"Previous URL downloaded an ATO PDF instead of a page. Replaced with the resides test page, which covers students and treats six months as a considerable time."
S22,2026-09-27,Siriporn,https://www.ato.gov.au/calculators-and-tools/tax-return-do-i-need-to-lodge,2026-07-01,url-updated,P23-2,"Previous URL returned 404. Replaced with the current ATO tool page, which says a non-lodgment advice is needed if a return is not required."
S23,2026-09-27,Siriporn,https://www.abf.gov.au/entering-leaving-australia/Pages/can-bring-it-in/Food.aspx,,passage-corrected,P24-1,"Food must be declared on the Incoming Passenger Card and officers may inspect it. The page does not state penalties, so that clause in P24-1 was replaced."
S24,2026-09-27,Siriporn,https://studymelbourne.vic.gov.au/study-with-us/pre-arrival-guide/checklist,2026-06-18,passage-corrected,P25-1,Page is now a pre-departure checklist. Title and P25-1 updated; the unsupported after-arrival sentence was replaced with checklist items.
S25,2026-09-27,Siriporn,https://service.vic.gov.au/find-services/personal/apply-for-a-proof-of-age-card,,verified,P26-1,"Two original ID documents, witnessed form, photo and fee."
S26,2026-09-27,Siriporn,https://studymelbourne.vic.gov.au/living-here/identification-and-proof-of-age,2026-09-14,verified,P26-2,Overseas licence usable if in English or translated; Victorian proof of age card.
S27,2026-09-27,Siriporn,https://www.studyaustralia.gov.au/en/life-in-australia/student-support-services/on-campus-and-local-support,,url-updated,P27-1 P30-2,"Old URL is now a hub page. Replaced with its on-campus and local support page, which lists provider and state support services."
S28,2026-09-27,Siriporn,https://immi.homeaffairs.gov.au/visas/already-have-a-visa/check-visa-details-and-conditions/conditions-list,2026-02-23,verified,P28-1,"Condition 8202 enrolment, AQF level, attendance and progress; CRICOS. Same URL as S02."
S29,2026-09-27,Siriporn,https://studymelbourne.vic.gov.au/living-here/your-health-and-wellbeing/medical-and-emergency-services,2026-06-24,verified,P10-1 P29-1,"Triple Zero (000), 112 without network, 106 for speech or hearing impairment."
S30,2026-09-27,Siriporn,https://studymelbourne.vic.gov.au/living-here/help-in-tough-times/get-legal-advice/free-employment-and-accommodation-legal-advice,2026-09-05,verified,P30-1,"Study Melbourne Hub can find free, confidential and independent legal advice."
