question_id,topic_id,question_form,text
Q001,T001,canonical,What are the work-hour conditions for a student visa subclass 500 holder?
Q002,T001,paraphrased,How much am I allowed to work while classes are on?
Q003,T001,paraphrased,My classes start next week — does that change how many shifts I can take?
Q004,T002,canonical,What is Overseas Student Health Cover and who must hold it?
Q005,T002,paraphrased,Do I need health insurance as a student here and how do I use it?
Q006,T002,paraphrased,I feel unwell and I have never been to a doctor here — what do I do and what does it cost me?
Q007,T003,canonical,How do I obtain and validate a Myki card for Melbourne public transport?
Q008,T003,paraphrased,How do I pay for trams and trains in Melbourne?
Q009,T003,paraphrased,I just landed and I need to get into the city — how do I pay to get on?
Q010,T004,canonical,What is a residential rental bond in Victoria and how is it lodged and returned?
Q011,T004,paraphrased,I paid a deposit before moving in — who holds it and how do I get it back later?
Q012,T004,paraphrased,I gave the agent four weeks of rent before moving in — where does that money sit and when do I see it again?
Q901,,ookb,Which Melbourne suburb has the cheapest rent for a two-bedroom apartment this month?
Q902,,ookb,Can you tell me whether my own visa application will be approved?
