question_id,stage,arm,error_type,risk_category,high_risk,question_form,bm25_ndcg5,mpnet_ndcg5,retrieval_hit,status,citation_valid
Q04C,generation,bm25,invalid_citation,employment,True,canonical,,,False,answered,False
Q04P1,generation,bm25,invalid_citation,employment,True,paraphrased,,,True,answered,False
Q10P1,generation,bm25,invalid_citation,emergency,True,paraphrased,,,True,answered,False
Q10P2,generation,bm25,invalid_citation,emergency,True,paraphrased,,,True,answered,False
Q25P1,generation,bm25,invalid_citation,general,False,paraphrased,,,True,answered,False
Q25P2,generation,bm25,invalid_citation,general,False,paraphrased,,,False,answered,False
Q04C,generation,mpnet,invalid_citation,employment,True,canonical,,,True,answered,False
Q04P1,generation,mpnet,invalid_citation,employment,True,paraphrased,,,True,answered,False
Q10P1,generation,mpnet,invalid_citation,emergency,True,paraphrased,,,True,answered,False
Q10P2,generation,mpnet,invalid_citation,emergency,True,paraphrased,,,True,answered,False
Q25P1,generation,mpnet,invalid_citation,general,False,paraphrased,,,True,answered,False
Q30P1,generation,mpnet,invalid_citation,general,False,paraphrased,,,True,answered,False
Q30P2,generation,mpnet,invalid_citation,general,False,paraphrased,,,True,answered,False
QX14,generation,bm25,ookb_answered,housing,True,ookb,,,False,answered,True
QX11,generation,mpnet,ookb_answered,housing,True,ookb,,,False,answered,True
QX14,generation,mpnet,ookb_answered,housing,True,ookb,,,False,answered,True
QX15,generation,mpnet,ookb_answered,employment,True,ookb,,,False,answered,False
QX30,generation,mpnet,ookb_answered,housing,True,ookb,,,False,answered,True
QX01,generation,no-context,ookb_answered,general,False,ookb,,,,answered,
QX02,generation,no-context,ookb_answered,visa,True,ookb,,,,answered,
QX03,generation,no-context,ookb_answered,employment,True,ookb,,,,answered,
QX04,generation,no-context,ookb_answered,general,False,ookb,,,,answered,
QX05,generation,no-context,ookb_answered,general,False,ookb,,,,answered,
QX06,generation,no-context,ookb_answered,visa,True,ookb,,,,answered,
QX07,generation,no-context,ookb_answered,general,False,ookb,,,,answered,
QX08,generation,no-context,ookb_answered,general,False,ookb,,,,answered,
QX09,generation,no-context,ookb_answered,visa,True,ookb,,,,answered,
QX10,generation,no-context,ookb_answered,employment,True,ookb,,,,answered,
QX11,generation,no-context,ookb_answered,housing,True,ookb,,,,answered,
QX12,generation,no-context,ookb_answered,visa,True,ookb,,,,answered,
QX13,generation,no-context,ookb_answered,health,True,ookb,,,,answered,
QX14,generation,no-context,ookb_answered,housing,True,ookb,,,,answered,
QX15,generation,no-context,ookb_answered,employment,True,ookb,,,,answered,
QX16,generation,no-context,ookb_answered,housing,True,ookb,,,,answered,
QX17,generation,no-context,ookb_answered,housing,True,ookb,,,,answered,
QX18,generation,no-context,ookb_answered,general,False,ookb,,,,answered,
QX19,generation,no-context,ookb_answered,general,False,ookb,,,,answered,
QX20,generation,no-context,ookb_answered,general,False,ookb,,,,answered,
QX21,generation,no-context,ookb_answered,visa,True,ookb,,,,answered,
QX22,generation,no-context,ookb_answered,general,False,ookb,,,,answered,
QX23,generation,no-context,ookb_answered,employment,True,ookb,,,,answered,
QX24,generation,no-context,ookb_answered,general,False,ookb,,,,answered,
QX25,generation,no-context,ookb_answered,general,False,ookb,,,,answered,
QX26,generation,no-context,ookb_answered,general,False,ookb,,,,answered,
QX27,generation,no-context,ookb_answered,general,False,ookb,,,,answered,
QX28,generation,no-context,ookb_answered,general,False,ookb,,,,answered,
QX29,generation,no-context,ookb_answered,general,False,ookb,,,,answered,
QX30,generation,no-context,ookb_answered,housing,True,ookb,,,,answered,
Q20P2,generation,bm25,retrieval_hit_but_refused,housing,True,paraphrased,,,True,refused,False
Q23P1,generation,bm25,retrieval_hit_but_refused,employment,True,paraphrased,,,True,refused,False
Q20P2,generation,mpnet,retrieval_hit_but_refused,housing,True,paraphrased,,,True,refused,False
Q23P1,generation,mpnet,retrieval_hit_but_refused,employment,True,paraphrased,,,True,refused,False
Q28P1,generation,mpnet,retrieval_hit_but_refused,visa,True,paraphrased,,,True,refused,True
Q04C,generation,bm25,retrieval_miss_but_answered,employment,True,canonical,,,False,answered,False
Q25P2,generation,bm25,retrieval_miss_but_answered,general,False,paraphrased,,,False,answered,False
Q28P1,retrieval,bm25,bm25_better,visa,True,paraphrased,1.0,0.5,,,
Q04P1,retrieval,mpnet,mpnet_better_paraphrase,employment,True,paraphrased,0.906025,0.946902,,,
Q08P2,retrieval,mpnet,mpnet_better_paraphrase,health,True,paraphrased,0.765361,1.0,,,
Q10P1,retrieval,mpnet,mpnet_better_paraphrase,emergency,True,paraphrased,0.765361,0.946902,,,
Q10P2,retrieval,mpnet,mpnet_better_paraphrase,emergency,True,paraphrased,0.703918,0.88546,,,
Q14P1,retrieval,mpnet,mpnet_better_paraphrase,general,False,paraphrased,0.796708,1.0,,,
Q17P1,retrieval,mpnet,mpnet_better_paraphrase,housing,True,paraphrased,0.688529,0.96394,,,
Q18P1,retrieval,mpnet,mpnet_better_paraphrase,housing,True,paraphrased,0.671386,0.946902,,,
Q20P2,retrieval,mpnet,mpnet_better_paraphrase,housing,True,paraphrased,0.63093,1.0,,,
Q25P1,retrieval,mpnet,mpnet_better_paraphrase,general,False,paraphrased,0.5,1.0,,,
Q25P2,retrieval,mpnet,mpnet_better_paraphrase,general,False,paraphrased,0.0,1.0,,,
Q28P2,retrieval,mpnet,mpnet_better_paraphrase,visa,True,paraphrased,0.63093,1.0,,,
