question_id,passage_id,rank,reason,question_text,passage_text,source_url,grade,primary_reviewer,needs_second_review,note
Q04P1,P03-1,2,same_category,My employer paid me below the rate I expected and gave no payslip. Where can I ask for help?,"From 1 July 2026, the National Minimum Wage is $26.44 per hour or $1,004.90 per week before tax for adults whose employment is not covered by an award or enterprise agreement. Casual employees covered by the National Minimum Wage also receive a 25% casual loading. Most employees are covered by an award, which sets minimum rates for particular industries and occupations, and lower rates can apply to juniors. An employee cannot agree to be paid less than the minimum rate that applies to their job. The Fair Work Pay Calculator (PACT) can be used to find the minimum wage under an award.",https://www.fairwork.gov.au/tools-and-resources/fact-sheets/minimum-workplace-entitlements/minimum-wages,1,Elaine,no,
Q04P2,P03-1,3,same_category,"Does my visa status change my minimum pay rights, and can I ask the Fair Work Ombudsman about underpayment without risking my visa?","From 1 July 2026, the National Minimum Wage is $26.44 per hour or $1,004.90 per week before tax for adults whose employment is not covered by an award or enterprise agreement. Casual employees covered by the National Minimum Wage also receive a 25% casual loading. Most employees are covered by an award, which sets minimum rates for particular industries and occupations, and lower rates can apply to juniors. An employee cannot agree to be paid less than the minimum rate that applies to their job. The Fair Work Pay Calculator (PACT) can be used to find the minimum wage under an award.",https://www.fairwork.gov.au/tools-and-resources/fact-sheets/minimum-workplace-entitlements/minimum-wages,0,Elaine,no,
Q04P2,P05-1,4,same_category,"Does my visa status change my minimum pay rights, and can I ask the Fair Work Ombudsman about underpayment without risking my visa?","A Student visa page describes work limits while a course is in session and says students can work unlimited hours when the course is not in session. It does not mean every student automatically has unrestricted work rights after course completion: the person's visa status and conditions matter. Check the visa grant notice and VEVO, and obtain migration advice for individual circumstances. A different visa may be needed for work after a student visa ceases.",https://immi.homeaffairs.gov.au/visas/getting-a-visa/visa-listing/student-500,0,Elaine,no,
Q04P2,P02-2,5,same_category,"Does my visa status change my minimum pay rights, and can I ask the Fair Work Ombudsman about underpayment without risking my visa?","Student visa condition 8105 limits work to 48 hours a fortnight while the course is in session, and a fortnight is a 14-day period starting on a Monday. Home Affairs counts work experience toward this limit whether it is paid or unpaid. A course is in session during school semesters, including exam periods. Students should add up all hours worked in each fortnight and check their own visa conditions in VEVO.",https://immi.homeaffairs.gov.au/visas/already-have-a-visa/check-visa-details-and-conditions/see-your-visa-conditions?cno=8105&product=500,0,Elaine,no,
Q08C,P07-1,1,same_category,"What does basic OSHC leave out, and how can a student check what a service will cost before treatment?","For a non-emergency illness, Study Melbourne recommends starting with a general practitioner (GP), which is often more affordable than going directly to a hospital. Visiting doctors, specialists or hospitals in the insurer's network can reduce out-of-pocket expenses. If the student pays upfront for a service, they should save the receipts and submit a claim through the insurer's app, email or website to be reimbursed. The amount returned depends on the policy and the service.",https://studymelbourne.vic.gov.au/study-with-us/enrolments-and-student-visas/overseas-student-health-cover,1,Elaine,no,
Q08C,P06-1,4,same_category,"What does basic OSHC leave out, and how can a student check what a service will cost before treatment?","Overseas Student Health Cover (OSHC) is health insurance for international students living and studying in Australia. It is a visa requirement for most Student visa subclass 500 holders and must be in place for the student's entire stay in Australia. OSHC is not Medicare, and most international students are not eligible for Medicare, so OSHC is how they access healthcare. Check the policy dates against the visa grant and insurer documents so there is no gap in cover.",https://www.studyaustralia.gov.au/en/tools-and-resources/tips-and-advice-for-students/oshc-what-international-students-need-to-know,0,Elaine,no,
Q08C,P09-2,5,same_category,"What does basic OSHC leave out, and how can a student check what a service will cost before treatment?","OSHC is a visa requirement for most students on a Student visa subclass 500 and must be in place for the student's entire stay. OSHC is not the same as Medicare, which is Australia's public health insurance for citizens and permanent residents. Students should keep their OSHC policy active and confirm any claimed exception directly with the Department of Home Affairs and their insurer before changing or cancelling cover.",https://www.studyaustralia.gov.au/en/tools-and-resources/tips-and-advice-for-students/oshc-what-international-students-need-to-know,0,Elaine,no,
Q08P1,P07-1,3,same_category,"Will my basic student health cover pay for glasses or dental work, and who should I ask before booking?","For a non-emergency illness, Study Melbourne recommends starting with a general practitioner (GP), which is often more affordable than going directly to a hospital. Visiting doctors, specialists or hospitals in the insurer's network can reduce out-of-pocket expenses. If the student pays upfront for a service, they should save the receipts and submit a claim through the insurer's app, email or website to be reimbursed. The amount returned depends on the policy and the service.",https://studymelbourne.vic.gov.au/study-with-us/enrolments-and-student-visas/overseas-student-health-cover,0,Elaine,no,
Q08P1,P09-2,4,same_category,"Will my basic student health cover pay for glasses or dental work, and who should I ask before booking?","OSHC is a visa requirement for most students on a Student visa subclass 500 and must be in place for the student's entire stay. OSHC is not the same as Medicare, which is Australia's public health insurance for citizens and permanent residents. Students should keep their OSHC policy active and confirm any claimed exception directly with the Department of Home Affairs and their insurer before changing or cancelling cover.",https://www.studyaustralia.gov.au/en/tools-and-resources/tips-and-advice-for-students/oshc-what-international-students-need-to-know,0,Elaine,no,
Q08P1,P06-1,5,same_category,"Will my basic student health cover pay for glasses or dental work, and who should I ask before booking?","Overseas Student Health Cover (OSHC) is health insurance for international students living and studying in Australia. It is a visa requirement for most Student visa subclass 500 holders and must be in place for the student's entire stay in Australia. OSHC is not Medicare, and most international students are not eligible for Medicare, so OSHC is how they access healthcare. Check the policy dates against the visa grant and insurer documents so there is no gap in cover.",https://www.studyaustralia.gov.au/en/tools-and-resources/tips-and-advice-for-students/oshc-what-international-students-need-to-know,0,Elaine,no,
Q08P2,P07-1,3,same_category,I need a dental check-up. How can I tell whether OSHC covers it or I will pay myself?,"For a non-emergency illness, Study Melbourne recommends starting with a general practitioner (GP), which is often more affordable than going directly to a hospital. Visiting doctors, specialists or hospitals in the insurer's network can reduce out-of-pocket expenses. If the student pays upfront for a service, they should save the receipts and submit a claim through the insurer's app, email or website to be reimbursed. The amount returned depends on the policy and the service.",https://studymelbourne.vic.gov.au/study-with-us/enrolments-and-student-visas/overseas-student-health-cover,1,Elaine,no,
Q08P2,P06-1,4,same_category,I need a dental check-up. How can I tell whether OSHC covers it or I will pay myself?,"Overseas Student Health Cover (OSHC) is health insurance for international students living and studying in Australia. It is a visa requirement for most Student visa subclass 500 holders and must be in place for the student's entire stay in Australia. OSHC is not Medicare, and most international students are not eligible for Medicare, so OSHC is how they access healthcare. Check the policy dates against the visa grant and insurer documents so there is no gap in cover.",https://www.studyaustralia.gov.au/en/tools-and-resources/tips-and-advice-for-students/oshc-what-international-students-need-to-know,0,Elaine,no,
Q08P2,P09-2,5,same_category,I need a dental check-up. How can I tell whether OSHC covers it or I will pay myself?,"OSHC is a visa requirement for most students on a Student visa subclass 500 and must be in place for the student's entire stay. OSHC is not the same as Medicare, which is Australia's public health insurance for citizens and permanent residents. Students should keep their OSHC policy active and confirm any claimed exception directly with the Department of Home Affairs and their insurer before changing or cancelling cover.",https://www.studyaustralia.gov.au/en/tools-and-resources/tips-and-advice-for-students/oshc-what-international-students-need-to-know,0,Elaine,no,
Q10C,P07-1,4,same_category,What should an international student do in a medical emergency in Victoria and what about ambulance costs?,"For a non-emergency illness, Study Melbourne recommends starting with a general practitioner (GP), which is often more affordable than going directly to a hospital. Visiting doctors, specialists or hospitals in the insurer's network can reduce out-of-pocket expenses. If the student pays upfront for a service, they should save the receipts and submit a claim through the insurer's app, email or website to be reimbursed. The amount returned depends on the policy and the service.",https://studymelbourne.vic.gov.au/study-with-us/enrolments-and-student-visas/overseas-student-health-cover,0,Elaine,no,
Q10P1,P07-1,3,same_category,"Someone is seriously ill in Melbourne. Who do I call, and will my cover pay for the ambulance?","For a non-emergency illness, Study Melbourne recommends starting with a general practitioner (GP), which is often more affordable than going directly to a hospital. Visiting doctors, specialists or hospitals in the insurer's network can reduce out-of-pocket expenses. If the student pays upfront for a service, they should save the receipts and submit a claim through the insurer's app, email or website to be reimbursed. The amount returned depends on the policy and the service.",https://studymelbourne.vic.gov.au/study-with-us/enrolments-and-student-visas/overseas-student-health-cover,0,Elaine,no,
Q10P1,P08-2,5,same_category,"Someone is seriously ill in Melbourne. Who do I call, and will my cover pay for the ambulance?","OSHC policies differ, so students should carefully read their policy terms to understand which services are covered and how to use their cover. Optional extras depend on the plan, and some policies include services such as physiotherapy, dental care and optical services. Study Melbourne advises confirming with the insurer what costs are covered before scheduling planned treatment. Using providers in the insurer's network can reduce out-of-pocket expenses.",https://studymelbourne.vic.gov.au/study-with-us/enrolments-and-student-visas/overseas-student-health-cover,1,Elaine,no,
Q10P2,P07-1,4,same_category,"In an emergency, what number should I use and where do I check ambulance coverage?","For a non-emergency illness, Study Melbourne recommends starting with a general practitioner (GP), which is often more affordable than going directly to a hospital. Visiting doctors, specialists or hospitals in the insurer's network can reduce out-of-pocket expenses. If the student pays upfront for a service, they should save the receipts and submit a claim through the insurer's app, email or website to be reimbursed. The amount returned depends on the policy and the service.",https://studymelbourne.vic.gov.au/study-with-us/enrolments-and-student-visas/overseas-student-health-cover,0,Elaine,no,
Q10P2,P08-2,5,same_category,"In an emergency, what number should I use and where do I check ambulance coverage?","OSHC policies differ, so students should carefully read their policy terms to understand which services are covered and how to use their cover. Optional extras depend on the plan, and some policies include services such as physiotherapy, dental care and optical services. Study Melbourne advises confirming with the insurer what costs are covered before scheduling planned treatment. Using providers in the insurer's network can reduce out-of-pocket expenses.",https://studymelbourne.vic.gov.au/study-with-us/enrolments-and-student-visas/overseas-student-health-cover,1,Elaine,no,
Q14C,P11-1,2,same_category,What may happen if I travel without a valid myki ticket?,"Tap on at the start of each trip. Tap off at the end on trains, buses that accept myki, and tram trips that begin and end in Zone 2. For a tram trip that starts and ends in Zone 1, tap on but do not tap off. Tap on again when changing transport modes. A green light or phone confirmation indicates the tap registered; failing to tap correctly can mean there is no valid ticket or a default fare applies.",https://transport.vic.gov.au/tickets-and-payments/myki/tap-on-and-off-with-myki,1,Elaine,yes,"Borderline 1/2: covers invalid tapping/default fare, but not the enforcement process."
Q14C,P12-2,4,same_category,What may happen if I travel without a valid myki ticket?,"Transport Victoria says the International Student Travel Pass is available to students who study full time, are enrolled in a bachelor or associate degree, diploma or advanced diploma, and study at an institution that has signed up to the program. International exchange students, students with refugee status and Australian Award Scholarship recipients follow the local undergraduate student process instead. To apply, ask the institution for a pass code, then register and buy the pass on the program website. Carry the pass when travelling.",https://transport.vic.gov.au/tickets-and-payments/myki/myki-types/students,0,Elaine,no,
Q14C,P12-1,5,same_category,What may happen if I travel without a valid myki ticket?,"The International Student Travel Pass is a discount program for eligible international students, not a concession automatically given to every international student. Study Melbourne says eligible students can get a 50% discount and save over $1,000. Passes are available for 90, 180 or 365 days, and state-wide passes allow travel across Victoria for the same price as within Melbourne. Eligibility is checked through the public transport website before a pass is bought.",https://studymelbourne.vic.gov.au/about-study-melbourne/our-student-programs/international-student-travel-pass,0,Elaine,no,
Q14P1,P11-1,2,same_category,An inspector says my card was not tapped correctly. What process or penalty could follow?,"Tap on at the start of each trip. Tap off at the end on trains, buses that accept myki, and tram trips that begin and end in Zone 2. For a tram trip that starts and ends in Zone 1, tap on but do not tap off. Tap on again when changing transport modes. A green light or phone confirmation indicates the tap registered; failing to tap correctly can mean there is no valid ticket or a default fare applies.",https://transport.vic.gov.au/tickets-and-payments/myki/tap-on-and-off-with-myki,1,Elaine,no,
Q14P2,P11-1,2,same_category,"Is a fine automatic if my myki did not register, and where do I check the current rules?","Tap on at the start of each trip. Tap off at the end on trains, buses that accept myki, and tram trips that begin and end in Zone 2. For a tram trip that starts and ends in Zone 1, tap on but do not tap off. Tap on again when changing transport modes. A green light or phone confirmation indicates the tap registered; failing to tap correctly can mean there is no valid ticket or a default fare applies.",https://transport.vic.gov.au/tickets-and-payments/myki/tap-on-and-off-with-myki,0,Elaine,no,
Q17C,P18-1,3,same_category,What information and condition documents should a renter receive at the start of a tenancy?,"Victorian urgent repairs include a blocked or broken toilet, gas leak, dangerous electrical fault, serious roof leak, or failure of an essential hot-water, water, cooking, heating or laundering service. Contact the rental provider or agent immediately using the emergency number provided at move-in and confirm the request in writing. The provider must arrange urgent repairs immediately. Keep records of contact attempts and receipts; continue paying rent while the repair is unresolved.",https://www.consumer.vic.gov.au/housing/renting/repairs-alterations-safety-and-pets/repairs/repairs-in-rental-properties,1,Elaine,no,
Q17C,P15-1,4,same_category,What information and condition documents should a renter receive at the start of a tenancy?,"The Residential Tenancies Bond Authority (RTBA) holds Victorian residential rental bonds in trust. When a renter pays the bond to a rental provider, the provider must lodge it with the RTBA within 14 days. The renter should review and accept the online lodgement, check that the names and amount are correct, and keep the bond receipt and number. A bond is not the same as rent paid in advance.",https://www.consumer.vic.gov.au/housing/renting/rent-bond-bills-and-condition-reports/bond/lodging-the-bond-with-the-rtba,1,Elaine,no,
Q17C,P19-1,5,same_category,What information and condition documents should a renter receive at the start of a tenancy?,"Rent in advance is rent paid before the period it covers; it is a payment to the rental provider and is not money held as a bond. Victorian rules limit how much rent can usually be requested in advance, with exceptions such as rent above the statutory weekly threshold. The precise limit depends on the payment frequency and rent amount. Check the current Consumer Affairs Victoria page and keep a receipt showing which rental period the payment covers.",https://www.consumer.vic.gov.au/housing/renting/rent-bond-bills-and-condition-reports/rent/rent-payments-and-rent-in-advance,0,Elaine,no,
Q17P1,P18-1,2,same_category,I just got keys to a rental. What paperwork should I check and keep?,"Victorian urgent repairs include a blocked or broken toilet, gas leak, dangerous electrical fault, serious roof leak, or failure of an essential hot-water, water, cooking, heating or laundering service. Contact the rental provider or agent immediately using the emergency number provided at move-in and confirm the request in writing. The provider must arrange urgent repairs immediately. Keep records of contact attempts and receipts; continue paying rent while the repair is unresolved.",https://www.consumer.vic.gov.au/housing/renting/repairs-alterations-safety-and-pets/repairs/repairs-in-rental-properties,0,Elaine,no,
Q17P1,P15-1,3,same_category,I just got keys to a rental. What paperwork should I check and keep?,"The Residential Tenancies Bond Authority (RTBA) holds Victorian residential rental bonds in trust. When a renter pays the bond to a rental provider, the provider must lodge it with the RTBA within 14 days. The renter should review and accept the online lodgement, check that the names and amount are correct, and keep the bond receipt and number. A bond is not the same as rent paid in advance.",https://www.consumer.vic.gov.au/housing/renting/rent-bond-bills-and-condition-reports/bond/lodging-the-bond-with-the-rtba,1,Elaine,no,
Q17P2,P18-1,2,same_category,The property has marks already. How do I record the condition when I move in?,"Victorian urgent repairs include a blocked or broken toilet, gas leak, dangerous electrical fault, serious roof leak, or failure of an essential hot-water, water, cooking, heating or laundering service. Contact the rental provider or agent immediately using the emergency number provided at move-in and confirm the request in writing. The provider must arrange urgent repairs immediately. Keep records of contact attempts and receipts; continue paying rent while the repair is unresolved.",https://www.consumer.vic.gov.au/housing/renting/repairs-alterations-safety-and-pets/repairs/repairs-in-rental-properties,0,Elaine,no,
Q17P2,P15-1,4,same_category,The property has marks already. How do I record the condition when I move in?,"The Residential Tenancies Bond Authority (RTBA) holds Victorian residential rental bonds in trust. When a renter pays the bond to a rental provider, the provider must lodge it with the RTBA within 14 days. The renter should review and accept the online lodgement, check that the names and amount are correct, and keep the bond receipt and number. A bond is not the same as rent paid in advance.",https://www.consumer.vic.gov.au/housing/renting/rent-bond-bills-and-condition-reports/bond/lodging-the-bond-with-the-rtba,0,Elaine,no,
Q17P2,P16-1,5,same_category,The property has marks already. How do I record the condition when I move in?,"Victorian bonds are claimed through the RTBA website. A rental provider must start a claim within 14 days of the rental agreement ending unless a renter starts one first, and each renter then receives an email to review and accept it. Any renter whose name is on the bond can start a claim after the agreement ends, but must first authenticate their identity with Service Victoria. Once everyone has accepted a claim, the RTBA usually repays the bond within one business day.",https://www.consumer.vic.gov.au/housing/renting/rent-bond-bills-and-condition-reports/bond/bond-claims-and-refunds,0,Elaine,no,
Q18C,P17-1,3,same_category,What counts as an urgent rental repair and what can a renter do if the provider does not respond?,"Before signing a Victorian rental agreement, read and keep a copy of the agreement and ask questions about unclear terms. At the start of the tenancy, the rental provider must give the renter a condition report and information including the provider or agent's contact details and an emergency contact number. Record the property's condition, return the report by the stated deadline and keep a copy with dated photographs. Check the current Consumer Affairs Victoria guidance for exact obligations.",https://www.consumer.vic.gov.au/housing/renting/starting-and-changing-rental-agreements/applying-signing-and-moving-in/knowing-your-rights-when-signing-an-agreement,0,Elaine,no,
Q18C,P16-2,4,same_category,What counts as an urgent rental repair and what can a renter do if the provider does not respond?,"Renters and rental providers are encouraged to negotiate an agreement about any deduction, for example when a renter believes damage is fair wear and tear. When a renter starts a claim, the RTBA must notify the other parties, who have 14 days to contest it by applying to VCAT or Rental Dispute Resolution Victoria (RDRV). If no one contests, the bond is repaid as claimed. If there is a dispute, VCAT or RDRV makes a legally binding order and the RTBA repays the bond in accordance with that order.",https://www.consumer.vic.gov.au/housing/renting/rent-bond-bills-and-condition-reports/bond/bond-claims-and-refunds,0,Elaine,no,
Q18P1,P17-1,5,same_category,There is no hot water and the agent is not answering. What should I do first?,"Before signing a Victorian rental agreement, read and keep a copy of the agreement and ask questions about unclear terms. At the start of the tenancy, the rental provider must give the renter a condition report and information including the provider or agent's contact details and an emergency contact number. Record the property's condition, return the report by the stated deadline and keep a copy with dated photographs. Check the current Consumer Affairs Victoria guidance for exact obligations.",https://www.consumer.vic.gov.au/housing/renting/starting-and-changing-rental-agreements/applying-signing-and-moving-in/knowing-your-rights-when-signing-an-agreement,1,Elaine,no,
Q18P2,P16-2,5,same_category,"There is a dangerous electrical fault and the agent has not called back. What should I do first, and if they still do not arrange it, can I pay for the repair myself and what cost limit applies?","Renters and rental providers are encouraged to negotiate an agreement about any deduction, for example when a renter believes damage is fair wear and tear. When a renter starts a claim, the RTBA must notify the other parties, who have 14 days to contest it by applying to VCAT or Rental Dispute Resolution Victoria (RDRV). If no one contests, the bond is repaid as claimed. If there is a dispute, VCAT or RDRV makes a legally binding order and the RTBA repays the bond in accordance with that order.",https://www.consumer.vic.gov.au/housing/renting/rent-bond-bills-and-condition-reports/bond/bond-claims-and-refunds,0,Elaine,no,
Q25C,P26-2,5,same_category,What should an international student prepare before leaving for Australia?,"In Australia there is no legal requirement to carry identification, but proof of age may be needed to buy alcohol or enter some venues. Study Melbourne lists a proof of age card, an Australian driver licence or a passport as documents that can prove age. A Victorian proof of age card can be used anywhere in Australia, and Australia Post's Keypass card is also recognised as proof of age and identity. An overseas driver licence may be usable for driving if it is in English or translated into English.",https://studymelbourne.vic.gov.au/living-here/identification-and-proof-of-age,1,Elaine,no,
Q28P2,P27-1,2,same_category,What study requirements should I discuss with my provider if I am falling behind?,"Study Australia says Australian education providers offer a wide range of student support services, including on-arrival welcome and orientation programs, academic and student support advisers, language and learning support, and mental health, wellbeing and counselling services. Many providers also offer employment and careers services, childcare, clubs and societies, and student accommodation and housing services. Services and eligibility vary, so check the provider's website for current contacts. Use emergency services if there is immediate danger.",https://www.studyaustralia.gov.au/en/life-in-australia/student-support-services/on-campus-and-local-support,0,Elaine,no,
