item_id,run_id,arm,question_id,answerable
249ebcaf5a,s9-qwen25-20260927-no-context,no-context,QX17,False
c75a1736b8,s9-qwen25-20260927-bm25,bm25,QX01,False
d434b534af,s9-qwen25-20260927-mpnet,mpnet,Q23P1,True
0de3e8b169,s9-qwen25-20260927-no-context,no-context,QX21,False
978de2ac0c,s9-qwen25-20260927-bm25,bm25,Q30P2,True
e89998c79e,s9-qwen25-20260927-bm25,bm25,Q10P1,True
72487d7b95,s9-qwen25-20260927-mpnet,mpnet,QX05,False
9b84714aa6,s9-qwen25-20260927-mpnet,mpnet,Q08P1,True
b711a9f214,s9-qwen25-20260927-bm25,bm25,Q18P2,True
e246368ae4,s9-qwen25-20260927-bm25,bm25,Q14C,True
274eeadb0a,s9-qwen25-20260927-no-context,no-context,Q25P2,True
e537d82e75,s9-qwen25-20260927-no-context,no-context,Q14P2,True
313803aa8a,s9-qwen25-20260927-no-context,no-context,Q28P1,True
6b550699bc,s9-qwen25-20260927-mpnet,mpnet,Q23C,True
8871935554,s9-qwen25-20260927-no-context,no-context,Q08P1,True
79ca475593,s9-qwen25-20260927-mpnet,mpnet,QX29,False
ee7b98868a,s9-qwen25-20260927-mpnet,mpnet,QX03,False
a6a3a15e9e,s9-qwen25-20260927-no-context,no-context,Q08P2,True
687b2ddeaa,s9-qwen25-20260927-mpnet,mpnet,QX11,False
0d1893eec4,s9-qwen25-20260927-bm25,bm25,Q23C,True
0eecd43757,s9-qwen25-20260927-bm25,bm25,Q14P2,True
cbc695a094,s9-qwen25-20260927-bm25,bm25,QX13,False
e463ee6ff5,s9-qwen25-20260927-mpnet,mpnet,Q28P2,True
df3009016c,s9-qwen25-20260927-mpnet,mpnet,Q18C,True
e508da82d0,s9-qwen25-20260927-no-context,no-context,QX02,False
a1d816b0f6,s9-qwen25-20260927-no-context,no-context,Q23P1,True
c66981fa63,s9-qwen25-20260927-no-context,no-context,QX09,False
51b8ad615f,s9-qwen25-20260927-bm25,bm25,QX14,False
469e86c7b4,s9-qwen25-20260927-bm25,bm25,QX03,False
e35973c851,s9-qwen25-20260927-mpnet,mpnet,Q18P1,True
