item_id,question,reference_answer,answer,retrieved_evidence,correctness,evidence_support,fallback_appropriateness,note
249ebcaf5a,What is the cheapest rent in Carlton this month?,Out of knowledge base: a cautious fallback is expected.,"I don't have access to real-time data on rental prices in Carlton, Melbourne. Rent prices can vary significantly based on factors like location, size of the property, and the specific type of accommodation (e.g., studio, one-bedroom apartment). For the most accurate and up-to-date information, I recommend checking local real estate websites or contacting a local real estate agent.",,2,0,2,
c75a1736b8,How do I apply for a driver licence in Victoria?,Out of knowledge base: a cautious fallback is expected.,I don't have approved information that answers this. Please check the official source directly or contact your university's international student support team.,"[P26-2] In Australia there is no legal requirement to carry identification, but proof of age may be needed to buy alcohol or enter some venues. Study Melbourne lists a proof of age card, an Australian driver licence or a passport as documents that can prove age. A Victorian proof of age card can be used anywhere in Australia, and Australia Post's Keypass card is also recognised as proof of age and identity. An overseas driver licence may be usable for driving if it is in English or translated into English.; [P10-2] In Victoria, the cost of ambulance transport is not covered by Medicare. Ambulance Victoria decides how best to transport a patient, and different fees apply to different kinds of transport. The Department of Health notes that there are several ways patients can insure against the cost of ambulance transport, so students should check whether their own health cover includes it. Cost should never delay a call for help in an emergency.; [P06-1] Overseas Student Health Cover (OSHC) is health insurance for international students living and studying in Australia. It is a visa requirement for most Student visa subclass 500 holders and must be in place for the student's entire stay in Australia. OSHC is not Medicare, and most international students are not eligible for Medicare, so OSHC is how they access healthcare. Check the policy dates against the visa grant and insurer documents so there is no gap in cover.; [P18-2] If the provider or agent does not respond promptly after being notified, a renter may organise and pay for an urgent repair costing $2,500 or less, then send written notice and receipts requesting repayment. The provider has seven days after receiving the notice to repay. For a repair over $2,500, do not arrange it yourself under this pathway; apply to Rental Dispute Resolution Victoria (RDRV) for help. The official page was last updated 26 February 2026.; [P22-1] A tax file number (TFN) is a personal identifier used in the Australian tax and superannuation system. Eligible foreign passport holders and temporary visitors can apply online through the Australian Taxation Office's foreign-passport-holder process while in Australia, using the identity documents listed by the ATO. Applying for a TFN is free. Use the official ATO service rather than a paid intermediary, and do not share the TFN publicly because it is sensitive personal information.",2,0,2,
d434b534af,I studied here for more than six months. Does that automatically mean I need a tax return?,"No. An overseas student's tax residency is not decided by their visa alone; the ATO assesses it using residency tests such as the resides test. The ATO treats six months as a considerable time when deciding whether a person's behaviour is consistent with residing in Australia, but time alone is not decisive. Whether a person must lodge a tax return depends on their circumstances for that income year. The ATO's 'Do I need to lodge a tax return?' tool works out whether a return is needed for income years from 2012-13 to 2025-26.",I don't have approved information that answers this. Please check the official source directly or contact your university's international student support team.,"[P23-1] An overseas student's tax residency is not decided by their visa alone; the ATO assesses it using residency tests such as the resides test. The ATO treats six months as a considerable time when deciding whether a person's behaviour is consistent with residing in Australia, but time alone is not decisive. Its guidance on people entering Australia specifically considers students studying here. If a person has recently arrived, the ATO's 'Are you a resident?' tool can help work out their residency status.; [P23-2] Whether a person must lodge a tax return depends on their circumstances for that income year. The ATO's 'Do I need to lodge a tax return?' tool works out whether a return is needed for income years from 2012-13 to 2025-26. If the result shows a return is not needed, the person must submit a non-lodgment advice, which is linked from the results page. Keep income statements and seek registered tax advice for complex cases.; [P05-1] A Student visa page describes work limits while a course is in session and says students can work unlimited hours when the course is not in session. It does not mean every student automatically has unrestricted work rights after course completion: the person's visa status and conditions matter. Check the visa grant notice and VEVO, and obtain migration advice for individual circumstances. A different visa may be needed for work after a student visa ceases.; [P02-1] A work-experience unit that is a mandatory component of a course and is included in the course's CRICOS registration is not counted toward the student visa work limit. Home Affairs gives the example of a mandatory four-week pharmacy placement that is documented in the registered course structure. Placement that is not a mandatory course requirement, or that goes beyond the period required in the course registration, does not fall within this exception. Check the course documentation with the education provider before relying on it.; [P01-1] Student visa holders may work up to 48 hours in a fortnight while their course is in session. Student visa holders cannot work in Australia before their course starts. Students undertaking a master's degree by research or a doctoral degree, and their family members, are exempt from this limit. A student's own grant conditions should be checked in VEVO because visa conditions can differ.",0,0,0,"Evidence was enough, so refusal was unnecessary."
0de3e8b169,How long is the visa processing queue right now?,Out of knowledge base: a cautious fallback is expected.,"I don't have real-time access to specific queue lengths for visa processing, as that information can change frequently and I don't have live updates. For the most accurate and up-to-date information, I recommend checking directly with the relevant immigration authority's website or contacting their customer service. They can provide you with the current processing times for your visa application.",,2,0,2,
978de2ac0c,"I need independent advice about my rental rights. Which free service can refer me, and can my university help too?","If an international student needs help understanding their rights or has a legal problem about employment or accommodation, the Study Melbourne Hub can advise where to get legal help. This may include online resources or a referral to the International Student Employment and Accommodation Legal Program (ISEALP) or other free community legal services. The advice is free, confidential and independent, and the Hub can be contacted on 1800 056 449. Education providers also offer academic and student support advisers and counselling services.","For independent advice about rental rights, you can contact the Study Melbourne Hub on 1800 056 449. They can advise where to get legal help, which may include a referral to the International Student Employment and Accommodation Legal Program (ISEALP) or other free community legal services [P30-1]. Additionally, your university may have a support officer or a student support adviser who can provide assistance or direct you to relevant resources [P30-2].","[P30-1] If an international student needs help understanding their rights or has a legal problem about employment or accommodation, the Study Melbourne Hub can advise where to get legal help. This may include online resources or a referral to the International Student Employment and Accommodation Legal Program (ISEALP) or other free community legal services. The advice is free, confidential and independent, and the Hub can be contacted on 1800 056 449. Examples include unpaid wages, unfair treatment at work, a bond that is not returned or a rent increase.; [P04-2] If an employee believes they are not receiving their minimum pay or other workplace rights, the Fair Work Ombudsman provides free information and advice. It can be contacted through Fair Work Online or the Fair Work Infoline on 13 13 94, and language help is available through the Translating and Interpreting Service on 13 14 50. A migrant worker can still ask the Fair Work Ombudsman for help to get minimum entitlements even if they have breached visa conditions. The Ombudsman says a person cannot get into trouble or have their visa cancelled for contacting it to ask about pay or workplace rights.; [P08-1] Basic OSHC does not include optical care such as glasses, or dental care such as check-ups, fillings or dental surgery. A student can pay an additional premium for Extras cover, which can include dental and optical services. For dental care, Study Australia lists paying privately at a dental clinic, checking whether the OSHC provider offers optional extras cover, or using low-cost local or university dental clinics. Delaying dental care can lead to bigger problems later, so it is a good idea to ask about costs early.; [P30-2] Each Australian state and territory offers free support services for international students, such as support officers, careers advice, counselling, social activities and legal advice. Education providers also offer academic and student support advisers and counselling services. A student who is having a hard time can talk to a counsellor at their place of study or to a GP. Use emergency services if there is immediate danger.; [P05-1] A Student visa page describes work limits while a course is in session and says students can work unlimited hours when the course is not in session. It does not mean every student automatically has unrestricted work rights after course completion: the person's visa status and conditions matter. Check the visa grant notice and VEVO, and obtain migration advice for individual circumstances. A different visa may be needed for work after a student visa ceases.",2,2,2,
e89998c79e,"Someone is seriously ill in Melbourne. Who do I call, and will my cover pay for the ambulance?","If someone is experiencing a medical emergency or is at immediate risk in Victoria, call Triple Zero (000) or go to a hospital emergency department. In Victoria, the cost of ambulance transport is not covered by Medicare. The Department of Health notes that there are several ways patients can insure against the cost of ambulance transport, so students should check whether their own health cover includes it.","Call Triple Zero (000) for a serious illness, as it is an emergency. The cost of ambulance transport is not covered by Medicare, so check if your health cover includes it. Cost should never delay a call for help in an emergency. [P10-2]","[P10-1] If someone is experiencing a medical emergency or is at immediate risk in Victoria, call Triple Zero (000) or go to a hospital emergency department. Tell the operator whether police, fire or ambulance is needed and give the exact location if possible. Study Melbourne also describes 112 for situations where the phone has no service or is not connected to the network. Do not use an information chatbot in place of emergency services.; [P10-2] In Victoria, the cost of ambulance transport is not covered by Medicare. Ambulance Victoria decides how best to transport a patient, and different fees apply to different kinds of transport. The Department of Health notes that there are several ways patients can insure against the cost of ambulance transport, so students should check whether their own health cover includes it. Cost should never delay a call for help in an emergency.; [P29-1] Call Triple Zero (000) if there is an emergency, immediate danger or a crime happening now. When answered, say whether police, fire or ambulance is needed, explain the exact location and follow the operator's instructions. Study Melbourne notes 112 may be dialled when outside mobile coverage or not connected to the network, and 106 is for people with a speech or hearing impairment. Do not delay an emergency call to search online.; [P07-1] For a non-emergency illness, Study Melbourne recommends starting with a general practitioner (GP), which is often more affordable than going directly to a hospital. Visiting doctors, specialists or hospitals in the insurer's network can reduce out-of-pocket expenses. If the student pays upfront for a service, they should save the receipts and submit a claim through the insurer's app, email or website to be reimbursed. The amount returned depends on the policy and the service.; [P18-1] Victorian urgent repairs include a blocked or broken toilet, gas leak, dangerous electrical fault, serious roof leak, or failure of an essential hot-water, water, cooking, heating or laundering service. Contact the rental provider or agent immediately using the emergency number provided at move-in and confirm the request in writing. The provider must arrange urgent repairs immediately. Keep records of contact attempts and receipts; continue paying rent while the repair is unresolved.",2,2,2,
72487d7b95,How do I transfer to a different university mid-course?,Out of knowledge base: a cautious fallback is expected.,I don't have approved information that answers this. Please check the official source directly or contact your university's international student support team. [P28-1] [P25-1] [P27-1],"[P28-1] Condition 8202 requires a Student visa holder to remain enrolled in a registered course, maintain the required Australian Qualifications Framework level, and maintain satisfactory attendance and course progress as required by the education provider. A registered course is listed on CRICOS. The provider sets the applicable study-period expectations. Students concerned about attendance, progress or changing courses should contact the provider promptly and check their visa grant conditions; individual migration advice may be needed.; [P20-1] Study Melbourne describes private rentals, student accommodation, homestay and short-term stays as possible housing options. Availability, contract terms and costs differ. Students are advised to inspect accommodation before signing or paying where possible, read the agreement, understand what is included, and use official or reputable provider information. A homestay arrangement is not necessarily the same legal arrangement as a residential tenancy, so check the agreement and obtain advice if the terms are unclear.; [P25-1] Study Melbourne's pre-departure checklist recommends confirming that the student visa is approved, reviewing its conditions and accepting the offer letter from the education provider. Students should make sure their passport is valid for at least six months and keep printed and digital copies of key documents. The checklist also covers arranging OSHC and travel insurance, having enough funds for travel and early living costs, and carrying some cash or a card for immediate purchases. Before departure, confirm accommodation for arrival and transport from the airport, and tell the education provider the travel dates.; [P27-1] Study Australia says Australian education providers offer a wide range of student support services, including on-arrival welcome and orientation programs, academic and student support advisers, language and learning support, and mental health, wellbeing and counselling services. Many providers also offer employment and careers services, childcare, clubs and societies, and student accommodation and housing services. Services and eligibility vary, so check the provider's website for current contacts. Use emergency services if there is immediate danger.; [P12-2] Transport Victoria says the International Student Travel Pass is available to students who study full time, are enrolled in a bachelor or associate degree, diploma or advanced diploma, and study at an institution that has signed up to the program. International exchange students, students with refugee status and Australian Award Scholarship recipients follow the local undergraduate student process instead. To apply, ask the institution for a pass code, then register and buy the pass on the program website. Carry the pass when travelling.",2,0,2,
9b84714aa6,"Will my basic student health cover pay for glasses or dental work, and who should I ask before booking?","No. Basic OSHC does not include optical care such as glasses, or dental care such as check-ups, fillings or dental surgery. A student can pay an additional premium for Extras cover, which can include dental and optical services. Study Melbourne advises confirming with the insurer what costs are covered before scheduling planned treatment.","Basic OSHC does not include optical care such as glasses, or dental care such as check-ups, fillings or dental surgery [P08-1]. For dental care, you can pay privately at a dental clinic, check if your OSHC provider offers optional extras cover, or use low-cost local or university dental clinics. It's a good idea to ask about costs early. For optical care, you might need to pay privately or check your policy for optional extras. Before booking any treatment, you should confirm with your insurer what costs are covered to avoid unexpected expenses [P08-2].","[P08-1] Basic OSHC does not include optical care such as glasses, or dental care such as check-ups, fillings or dental surgery. A student can pay an additional premium for Extras cover, which can include dental and optical services. For dental care, Study Australia lists paying privately at a dental clinic, checking whether the OSHC provider offers optional extras cover, or using low-cost local or university dental clinics. Delaying dental care can lead to bigger problems later, so it is a good idea to ask about costs early.; [P08-2] OSHC policies differ, so students should carefully read their policy terms to understand which services are covered and how to use their cover. Optional extras depend on the plan, and some policies include services such as physiotherapy, dental care and optical services. Study Melbourne advises confirming with the insurer what costs are covered before scheduling planned treatment. Using providers in the insurer's network can reduce out-of-pocket expenses.; [P07-1] For a non-emergency illness, Study Melbourne recommends starting with a general practitioner (GP), which is often more affordable than going directly to a hospital. Visiting doctors, specialists or hospitals in the insurer's network can reduce out-of-pocket expenses. If the student pays upfront for a service, they should save the receipts and submit a claim through the insurer's app, email or website to be reimbursed. The amount returned depends on the policy and the service.; [P09-2] OSHC is a visa requirement for most students on a Student visa subclass 500 and must be in place for the student's entire stay. OSHC is not the same as Medicare, which is Australia's public health insurance for citizens and permanent residents. Students should keep their OSHC policy active and confirm any claimed exception directly with the Department of Home Affairs and their insurer before changing or cancelling cover.; [P06-1] Overseas Student Health Cover (OSHC) is health insurance for international students living and studying in Australia. It is a visa requirement for most Student visa subclass 500 holders and must be in place for the student's entire stay in Australia. OSHC is not Medicare, and most international students are not eligible for Medicare, so OSHC is how they access healthcare. Check the policy dates against the visa grant and insurer documents so there is no gap in cover.",2,2,2,
b711a9f214,"There is a dangerous electrical fault and the agent has not called back. What should I do first, and if they still do not arrange it, can I pay for the repair myself and what cost limit applies?","A dangerous electrical fault is an urgent repair. Contact the rental provider or agent immediately using the emergency number provided at move-in and confirm the request in writing. If they do not respond promptly, a renter may organise and pay for an urgent repair costing $2,500 or less. For a repair over $2,500, do not arrange it yourself; apply to Rental Dispute Resolution Victoria for help.","First, you should organize and pay for the urgent repair costing $2,500 or less, then send written notice and receipts requesting repayment from the provider. The provider has seven days after receiving the notice to repay. [P18-2]","[P18-1] Victorian urgent repairs include a blocked or broken toilet, gas leak, dangerous electrical fault, serious roof leak, or failure of an essential hot-water, water, cooking, heating or laundering service. Contact the rental provider or agent immediately using the emergency number provided at move-in and confirm the request in writing. The provider must arrange urgent repairs immediately. Keep records of contact attempts and receipts; continue paying rent while the repair is unresolved.; [P18-2] If the provider or agent does not respond promptly after being notified, a renter may organise and pay for an urgent repair costing $2,500 or less, then send written notice and receipts requesting repayment. The provider has seven days after receiving the notice to repay. For a repair over $2,500, do not arrange it yourself under this pathway; apply to Rental Dispute Resolution Victoria (RDRV) for help. The official page was last updated 26 February 2026.; [P20-1] Study Melbourne describes private rentals, student accommodation, homestay and short-term stays as possible housing options. Availability, contract terms and costs differ. Students are advised to inspect accommodation before signing or paying where possible, read the agreement, understand what is included, and use official or reputable provider information. A homestay arrangement is not necessarily the same legal arrangement as a residential tenancy, so check the agreement and obtain advice if the terms are unclear.; [P10-2] In Victoria, the cost of ambulance transport is not covered by Medicare. Ambulance Victoria decides how best to transport a patient, and different fees apply to different kinds of transport. The Department of Health notes that there are several ways patients can insure against the cost of ambulance transport, so students should check whether their own health cover includes it. Cost should never delay a call for help in an emergency.; [P29-1] Call Triple Zero (000) if there is an emergency, immediate danger or a crime happening now. When answered, say whether police, fire or ambulance is needed, explain the exact location and follow the operator's instructions. Study Melbourne notes 112 may be dialled when outside mobile coverage or not connected to the network, and 106 is for people with a speech or hearing impairment. Do not delay an emergency call to search online.",1,2,2,Missing the first contact step.
e246368ae4,What may happen if I travel without a valid myki ticket?,"A passenger must hold and use a valid ticket for the trip. If a myki is not tapped correctly, Transport Victoria says it may not be a valid ticket and a passenger may be fined. An authorised officer may report an alleged offence; the Department of Transport and Planning decides whether to issue a warning, infringement or take another action.","If you travel without a valid myki ticket, Transport Victoria may consider it an alleged offence. An authorised officer can report this, and the Department of Transport and Planning decides whether to issue a warning, an infringement notice, or take another action. For current fine amounts and review options, check the official page. [P14-1]","[P14-1] A passenger must hold and use a valid ticket for the trip. If a myki is not tapped correctly, Transport Victoria says it may not be a valid ticket and a passenger may be fined. An authorised officer may report an alleged offence; the Department of Transport and Planning decides whether to issue a warning, infringement or take another action. Current fine amounts and review options should be checked on the official page, not inferred from an old example.; [P11-1] Tap on at the start of each trip. Tap off at the end on trains, buses that accept myki, and tram trips that begin and end in Zone 2. For a tram trip that starts and ends in Zone 1, tap on but do not tap off. Tap on again when changing transport modes. A green light or phone confirmation indicates the tap registered; failing to tap correctly can mean there is no valid ticket or a default fare applies.; [P25-1] Study Melbourne's pre-departure checklist recommends confirming that the student visa is approved, reviewing its conditions and accepting the offer letter from the education provider. Students should make sure their passport is valid for at least six months and keep printed and digital copies of key documents. The checklist also covers arranging OSHC and travel insurance, having enough funds for travel and early living costs, and carrying some cash or a card for immediate purchases. Before departure, confirm accommodation for arrival and transport from the airport, and tell the education provider the travel dates.; [P13-1] Study Melbourne lists SkyBus as a frequent connection between Melbourne Airport and Southern Cross Station in the city centre. Other options include taxis, rideshare, public buses and shuttles. Journey time and fares vary, so check the airport or operator's live timetable and price before travelling. The page also notes that Avalon Airport is a different airport with different transfer options; confirm which airport is on the ticket.; [P29-1] Call Triple Zero (000) if there is an emergency, immediate danger or a crime happening now. When answered, say whether police, fire or ambulance is needed, explain the exact location and follow the operator's instructions. Study Melbourne notes 112 may be dialled when outside mobile coverage or not connected to the network, and 106 is for people with a speech or hearing impairment. Do not delay an emergency call to search online.",2,2,2,
274eeadb0a,"Before I fly out for my course, what should I confirm about where I will stay and who to notify?","Before departure, confirm accommodation for arrival and transport from the airport, and tell the education provider the travel dates.","Before flying to Melbourne, it's important to confirm your accommodation details, such as the address and contact information for your residence. Ensure you have the name and contact details of your landlord or the property manager. Additionally, notify your local university or college of your accommodation details and emergency contact information. This will help you settle in smoothly and ensure you have the necessary support if needed.",,1,0,2,Some important pre-departure steps are missing.
e537d82e75,"Is a fine automatic if my myki did not register, and where do I check the current rules?","No. If a myki is not tapped correctly, Transport Victoria says it may not be a valid ticket and a passenger may be fined. An authorised officer may report an alleged offence; the Department of Transport and Planning decides whether to issue a warning, infringement or take another action. Current fine amounts and review options should be checked on the official page, not inferred from an old example.","If your myki card is not registered, you may receive a fine for unregistered travel, but it is not automatically issued. You can check the current rules and fine details on the Public Transport Victoria (PTV) website or by contacting their customer service. It's advisable to register your myki card as soon as possible to avoid any potential fines.",,1,0,2,One myki detail is incorrect.
313803aa8a,Can I stop attending for a while and keep my student visa unchanged?,"No. Condition 8202 requires a Student visa holder to remain enrolled in a registered course, maintain the required Australian Qualifications Framework level, and maintain satisfactory attendance and course progress as required by the education provider. Students concerned about attendance, progress or changing courses should contact the provider promptly and check their visa grant conditions; individual migration advice may be needed.","Yes, you can take a break from attending your studies for a while and still keep your student visa unchanged, provided you meet certain conditions. You should inform your educational institution about your plans and possibly provide a leave of absence request. Additionally, you must ensure that you do not exceed the maximum period of non-attendance allowed by your visa, which is typically 3 months. Always check with your visa sponsor or the Department of Home Affairs for specific guidelines relevant to your situation.",,0,0,2,The answer conflicts with condition 8202.
6b550699bc,How does an overseas student determine tax residency and whether a return must be lodged?,"An overseas student's tax residency is not decided by their visa alone; the ATO assesses it using residency tests such as the resides test. If a person has recently arrived, the ATO's 'Are you a resident?' tool can help work out their residency status. Whether a person must lodge a tax return depends on their circumstances for that income year. The ATO's 'Do I need to lodge a tax return?' tool works out whether a return is needed for income years from 2012-13 to 2025-26.","An overseas student's tax residency is determined by the Australian Taxation Office (ATO) using residency tests, such as the 'resides' test, and six months is considered a significant period in deciding residency status, but it is not the sole factor. The ATO's 'Are you a resident?' tool can help assess residency status. Whether a tax return must be lodged depends on the individual's circumstances for that income year; the ATO's 'Do I need to lodge a tax return?' tool can determine this for income years from 2012-13 to 2025-26. If no return is needed, a non-lodgment advice must be submitted. [P23-1, P23-2]","[P23-1] An overseas student's tax residency is not decided by their visa alone; the ATO assesses it using residency tests such as the resides test. The ATO treats six months as a considerable time when deciding whether a person's behaviour is consistent with residing in Australia, but time alone is not decisive. Its guidance on people entering Australia specifically considers students studying here. If a person has recently arrived, the ATO's 'Are you a resident?' tool can help work out their residency status.; [P23-2] Whether a person must lodge a tax return depends on their circumstances for that income year. The ATO's 'Do I need to lodge a tax return?' tool works out whether a return is needed for income years from 2012-13 to 2025-26. If the result shows a return is not needed, the person must submit a non-lodgment advice, which is linked from the results page. Keep income statements and seek registered tax advice for complex cases.; [P28-1] Condition 8202 requires a Student visa holder to remain enrolled in a registered course, maintain the required Australian Qualifications Framework level, and maintain satisfactory attendance and course progress as required by the education provider. A registered course is listed on CRICOS. The provider sets the applicable study-period expectations. Students concerned about attendance, progress or changing courses should contact the provider promptly and check their visa grant conditions; individual migration advice may be needed.; [P04-1] International students have the same entitlements and protections under the Fair Work Act as other employees, regardless of their migration status under the Migration Act. All employees have basic rights, including minimum pay and conditions. Not being given a pay slip is not okay at work: an employee should receive a pay slip within one day of being paid. A sponsoring employer cannot cancel a visa; only the Department of Home Affairs can grant, refuse or cancel visas.; [P26-2] In Australia there is no legal requirement to carry identification, but proof of age may be needed to buy alcohol or enter some venues. Study Melbourne lists a proof of age card, an Australian driver licence or a passport as documents that can prove age. A Victorian proof of age card can be used anywhere in Australia, and Australia Post's Keypass card is also recognised as proof of age and identity. An overseas driver licence may be usable for driving if it is in English or translated into English.",2,2,2,
8871935554,"Will my basic student health cover pay for glasses or dental work, and who should I ask before booking?","No. Basic OSHC does not include optical care such as glasses, or dental care such as check-ups, fillings or dental surgery. A student can pay an additional premium for Extras cover, which can include dental and optical services. Study Melbourne advises confirming with the insurer what costs are covered before scheduling planned treatment.","Basic student health insurance in Melbourne typically covers general medical services and some emergency dental care, but it may not fully cover glasses or routine dental work. It's best to check your specific policy details or contact your insurance provider directly to confirm what is covered. You can usually find this information in your insurance documentation or by reaching out to the student services or health center at your university for assistance.",,1,0,2,Dental and optical coverage is unclear.
79ca475593,What is the history of the Melbourne tram network?,Out of knowledge base: a cautious fallback is expected.,I don't have approved information that answers this. Please check the official source directly or contact your university's international student support team.,"[P13-1] Study Melbourne lists SkyBus as a frequent connection between Melbourne Airport and Southern Cross Station in the city centre. Other options include taxis, rideshare, public buses and shuttles. Journey time and fares vary, so check the airport or operator's live timetable and price before travelling. The page also notes that Avalon Airport is a different airport with different transfer options; confirm which airport is on the ticket.; [P12-1] The International Student Travel Pass is a discount program for eligible international students, not a concession automatically given to every international student. Study Melbourne says eligible students can get a 50% discount and save over $1,000. Passes are available for 90, 180 or 365 days, and state-wide passes allow travel across Victoria for the same price as within Melbourne. Eligibility is checked through the public transport website before a pass is bought.; [P15-1] The Residential Tenancies Bond Authority (RTBA) holds Victorian residential rental bonds in trust. When a renter pays the bond to a rental provider, the provider must lodge it with the RTBA within 14 days. The renter should review and accept the online lodgement, check that the names and amount are correct, and keep the bond receipt and number. A bond is not the same as rent paid in advance.; [P16-1] Victorian bonds are claimed through the RTBA website. A rental provider must start a claim within 14 days of the rental agreement ending unless a renter starts one first, and each renter then receives an email to review and accept it. Any renter whose name is on the bond can start a claim after the agreement ends, but must first authenticate their identity with Service Victoria. Once everyone has accepted a claim, the RTBA usually repays the bond within one business day.; [P11-1] Tap on at the start of each trip. Tap off at the end on trains, buses that accept myki, and tram trips that begin and end in Zone 2. For a tram trip that starts and ends in Zone 1, tap on but do not tap off. Tap on again when changing transport modes. A green light or phone confirmation indicates the tap registered; failing to tap correctly can mean there is no valid ticket or a default fare applies.",2,0,2,
ee7b98868a,How do I get a police check for a part-time job?,Out of knowledge base: a cautious fallback is expected.,I don't have approved information that answers this. Please check the official source directly or contact your university's international student support team.,"[P04-2] If an employee believes they are not receiving their minimum pay or other workplace rights, the Fair Work Ombudsman provides free information and advice. It can be contacted through Fair Work Online or the Fair Work Infoline on 13 13 94, and language help is available through the Translating and Interpreting Service on 13 14 50. A migrant worker can still ask the Fair Work Ombudsman for help to get minimum entitlements even if they have breached visa conditions. The Ombudsman says a person cannot get into trouble or have their visa cancelled for contacting it to ask about pay or workplace rights.; [P30-1] If an international student needs help understanding their rights or has a legal problem about employment or accommodation, the Study Melbourne Hub can advise where to get legal help. This may include online resources or a referral to the International Student Employment and Accommodation Legal Program (ISEALP) or other free community legal services. The advice is free, confidential and independent, and the Hub can be contacted on 1800 056 449. Examples include unpaid wages, unfair treatment at work, a bond that is not returned or a rent increase.; [P26-1] Service Victoria's steps for a Proof of Age card start with getting the application form from a VicRoads branch, an Australia Post branch or a selected pharmacy. The applicant needs two original identity documents and has the form and ID witnessed by a person they have known for at least one year who is enrolled to vote. The applicant also signs a declaration before an authorised person and has a photo taken at an approved photo location. The form is lodged with a $10 fee, and the card arrives in three to four weeks.; [P22-1] A tax file number (TFN) is a personal identifier used in the Australian tax and superannuation system. Eligible foreign passport holders and temporary visitors can apply online through the Australian Taxation Office's foreign-passport-holder process while in Australia, using the identity documents listed by the ATO. Applying for a TFN is free. Use the official ATO service rather than a paid intermediary, and do not share the TFN publicly because it is sensitive personal information.; [P03-1] From 1 July 2026, the National Minimum Wage is $26.44 per hour or $1,004.90 per week before tax for adults whose employment is not covered by an award or enterprise agreement. Casual employees covered by the National Minimum Wage also receive a 25% casual loading. Most employees are covered by an award, which sets minimum rates for particular industries and occupations, and lower rates can apply to juniors. An employee cannot agree to be paid less than the minimum rate that applies to their job. The Fair Work Pay Calculator (PACT) can be used to find the minimum wage under an award.",2,0,2,
a6a3a15e9e,I need a dental check-up. How can I tell whether OSHC covers it or I will pay myself?,"Basic OSHC does not include optical care such as glasses, or dental care such as check-ups, fillings or dental surgery. For dental care, Study Australia lists paying privately at a dental clinic, checking whether the OSHC provider offers optional extras cover, or using low-cost local or university dental clinics. OSHC policies differ, so students should carefully read their policy terms to understand which services are covered and how to use their cover. Study Melbourne advises confirming with the insurer what costs are covered before scheduling planned treatment.","To determine if your Overseas Student Health Cover (OSHC) includes dental check-ups, you should review your policy document or contact your OSHC provider directly. Typically, OSHC plans cover basic dental services, but it's important to check the specific details of your coverage to understand what is included and what might require out-of-pocket payments. If you're unsure, reaching out to your provider for clarification is the best course of action.",,1,0,2,Basic OSHC dental coverage is stated incorrectly.
687b2ddeaa,Is my landlord allowed to keep my bond in my situation?,Out of knowledge base: a cautious fallback is expected.,"In Victoria, a landlord must lodge the bond with the Residential Tenancies Bond Authority (RTBA) within 14 days of receiving it. If a dispute arises, the RTBA will handle the claim and make a legally binding order regarding the bond repayment. Therefore, your landlord is not allowed to keep the bond without proper lodging and following the dispute process if necessary [P15-1, P16-2, P16-1].","[P15-1] The Residential Tenancies Bond Authority (RTBA) holds Victorian residential rental bonds in trust. When a renter pays the bond to a rental provider, the provider must lodge it with the RTBA within 14 days. The renter should review and accept the online lodgement, check that the names and amount are correct, and keep the bond receipt and number. A bond is not the same as rent paid in advance.; [P16-2] Renters and rental providers are encouraged to negotiate an agreement about any deduction, for example when a renter believes damage is fair wear and tear. When a renter starts a claim, the RTBA must notify the other parties, who have 14 days to contest it by applying to VCAT or Rental Dispute Resolution Victoria (RDRV). If no one contests, the bond is repaid as claimed. If there is a dispute, VCAT or RDRV makes a legally binding order and the RTBA repays the bond in accordance with that order.; [P16-1] Victorian bonds are claimed through the RTBA website. A rental provider must start a claim within 14 days of the rental agreement ending unless a renter starts one first, and each renter then receives an email to review and accept it. Any renter whose name is on the bond can start a claim after the agreement ends, but must first authenticate their identity with Service Victoria. Once everyone has accepted a claim, the RTBA usually repays the bond within one business day.; [P19-1] Rent in advance is rent paid before the period it covers; it is a payment to the rental provider and is not money held as a bond. Victorian rules limit how much rent can usually be requested in advance, with exceptions such as rent above the statutory weekly threshold. The precise limit depends on the payment frequency and rent amount. Check the current Consumer Affairs Victoria page and keep a receipt showing which rental period the payment covers.; [P17-1] Before signing a Victorian rental agreement, read and keep a copy of the agreement and ask questions about unclear terms. At the start of the tenancy, the rental provider must give the renter a condition report and information including the provider or agent's contact details and an emergency contact number. Record the property's condition, return the report by the stated deadline and keep a copy with dated photographs. Check the current Consumer Affairs Victoria guidance for exact obligations.",0,1,0,The case-specific conclusion is not supported.
0d1893eec4,How does an overseas student determine tax residency and whether a return must be lodged?,"An overseas student's tax residency is not decided by their visa alone; the ATO assesses it using residency tests such as the resides test. If a person has recently arrived, the ATO's 'Are you a resident?' tool can help work out their residency status. Whether a person must lodge a tax return depends on their circumstances for that income year. The ATO's 'Do I need to lodge a tax return?' tool works out whether a return is needed for income years from 2012-13 to 2025-26.","To determine tax residency and whether a return must be lodged, an overseas student should use the ATO's 'Do I need to lodge a tax return?' tool. This tool assesses the student's circumstances for the income year from 2012-13 to 2025-26. If the tool indicates no return is needed, the student must submit a non-lodgment advice, which is provided on the results page. For complex cases, it's recommended to keep income statements and seek registered tax advice. [P23-2]","[P23-2] Whether a person must lodge a tax return depends on their circumstances for that income year. The ATO's 'Do I need to lodge a tax return?' tool works out whether a return is needed for income years from 2012-13 to 2025-26. If the result shows a return is not needed, the person must submit a non-lodgment advice, which is linked from the results page. Keep income statements and seek registered tax advice for complex cases.; [P23-1] An overseas student's tax residency is not decided by their visa alone; the ATO assesses it using residency tests such as the resides test. The ATO treats six months as a considerable time when deciding whether a person's behaviour is consistent with residing in Australia, but time alone is not decisive. Its guidance on people entering Australia specifically considers students studying here. If a person has recently arrived, the ATO's 'Are you a resident?' tool can help work out their residency status.; [P06-1] Overseas Student Health Cover (OSHC) is health insurance for international students living and studying in Australia. It is a visa requirement for most Student visa subclass 500 holders and must be in place for the student's entire stay in Australia. OSHC is not Medicare, and most international students are not eligible for Medicare, so OSHC is how they access healthcare. Check the policy dates against the visa grant and insurer documents so there is no gap in cover.; [P09-2] OSHC is a visa requirement for most students on a Student visa subclass 500 and must be in place for the student's entire stay. OSHC is not the same as Medicare, which is Australia's public health insurance for citizens and permanent residents. Students should keep their OSHC policy active and confirm any claimed exception directly with the Department of Home Affairs and their insurer before changing or cancelling cover.; [P10-2] In Victoria, the cost of ambulance transport is not covered by Medicare. Ambulance Victoria decides how best to transport a patient, and different fees apply to different kinds of transport. The Department of Health notes that there are several ways patients can insure against the cost of ambulance transport, so students should check whether their own health cover includes it. Cost should never delay a call for help in an emergency.",1,2,2,Tax residency is not answered.
0eecd43757,"Is a fine automatic if my myki did not register, and where do I check the current rules?","No. If a myki is not tapped correctly, Transport Victoria says it may not be a valid ticket and a passenger may be fined. An authorised officer may report an alleged offence; the Department of Transport and Planning decides whether to issue a warning, infringement or take another action. Current fine amounts and review options should be checked on the official page, not inferred from an old example.","A fine is not automatically issued if your myki did not register; an authorised officer may report an alleged offence, and the Department of Transport and Planning decides whether to issue a warning, infringement, or take another action. To check the current fine amounts and review options, visit the official page provided by Transport Victoria: https://transport.vic.gov.au/plan-a-journey/travel-tips-and-resources/public-transport-safety-and-security/fines-and-authorised-officers-on-public-transport [P14-1].","[P14-1] A passenger must hold and use a valid ticket for the trip. If a myki is not tapped correctly, Transport Victoria says it may not be a valid ticket and a passenger may be fined. An authorised officer may report an alleged offence; the Department of Transport and Planning decides whether to issue a warning, infringement or take another action. Current fine amounts and review options should be checked on the official page, not inferred from an old example.; [P11-1] Tap on at the start of each trip. Tap off at the end on trains, buses that accept myki, and tram trips that begin and end in Zone 2. For a tram trip that starts and ends in Zone 1, tap on but do not tap off. Tap on again when changing transport modes. A green light or phone confirmation indicates the tap registered; failing to tap correctly can mean there is no valid ticket or a default fare applies.; [P19-1] Rent in advance is rent paid before the period it covers; it is a payment to the rental provider and is not money held as a bond. Victorian rules limit how much rent can usually be requested in advance, with exceptions such as rent above the statutory weekly threshold. The precise limit depends on the payment frequency and rent amount. Check the current Consumer Affairs Victoria page and keep a receipt showing which rental period the payment covers.; [P10-1] If someone is experiencing a medical emergency or is at immediate risk in Victoria, call Triple Zero (000) or go to a hospital emergency department. Tell the operator whether police, fire or ambulance is needed and give the exact location if possible. Study Melbourne also describes 112 for situations where the phone has no service or is not connected to the network. Do not use an information chatbot in place of emergency services.; [P05-1] A Student visa page describes work limits while a course is in session and says students can work unlimited hours when the course is not in session. It does not mean every student automatically has unrestricted work rights after course completion: the person's visa status and conditions matter. Check the visa grant notice and VEVO, and obtain migration advice for individual circumstances. A different visa may be needed for work after a student visa ceases.",2,2,2,
cbc695a094,Should I switch from my current health insurer?,Out of knowledge base: a cautious fallback is expected.,I don't have approved information that answers this. Please check the official source directly or contact your university's international student support team.,"[P10-2] In Victoria, the cost of ambulance transport is not covered by Medicare. Ambulance Victoria decides how best to transport a patient, and different fees apply to different kinds of transport. The Department of Health notes that there are several ways patients can insure against the cost of ambulance transport, so students should check whether their own health cover includes it. Cost should never delay a call for help in an emergency.; [P09-2] OSHC is a visa requirement for most students on a Student visa subclass 500 and must be in place for the student's entire stay. OSHC is not the same as Medicare, which is Australia's public health insurance for citizens and permanent residents. Students should keep their OSHC policy active and confirm any claimed exception directly with the Department of Home Affairs and their insurer before changing or cancelling cover.; [P07-1] For a non-emergency illness, Study Melbourne recommends starting with a general practitioner (GP), which is often more affordable than going directly to a hospital. Visiting doctors, specialists or hospitals in the insurer's network can reduce out-of-pocket expenses. If the student pays upfront for a service, they should save the receipts and submit a claim through the insurer's app, email or website to be reimbursed. The amount returned depends on the policy and the service.; [P08-2] OSHC policies differ, so students should carefully read their policy terms to understand which services are covered and how to use their cover. Optional extras depend on the plan, and some policies include services such as physiotherapy, dental care and optical services. Study Melbourne advises confirming with the insurer what costs are covered before scheduling planned treatment. Using providers in the insurer's network can reduce out-of-pocket expenses.; [P06-1] Overseas Student Health Cover (OSHC) is health insurance for international students living and studying in Australia. It is a visa requirement for most Student visa subclass 500 holders and must be in place for the student's entire stay in Australia. OSHC is not Medicare, and most international students are not eligible for Medicare, so OSHC is how they access healthcare. Check the policy dates against the visa grant and insurer documents so there is no gap in cover.",2,0,2,
e463ee6ff5,What study requirements should I discuss with my provider if I am falling behind?,"Condition 8202 requires a Student visa holder to remain enrolled in a registered course, maintain the required Australian Qualifications Framework level, and maintain satisfactory attendance and course progress as required by the education provider. The provider sets the applicable study-period expectations. Students concerned about attendance, progress or changing courses should contact the provider promptly and check their visa grant conditions; individual migration advice may be needed.","You should discuss your attendance, progress, or any plans to change courses with your education provider promptly if you are falling behind. The provider will set the applicable study-period expectations and can provide guidance tailored to your situation. [P28-1]","[P28-1] Condition 8202 requires a Student visa holder to remain enrolled in a registered course, maintain the required Australian Qualifications Framework level, and maintain satisfactory attendance and course progress as required by the education provider. A registered course is listed on CRICOS. The provider sets the applicable study-period expectations. Students concerned about attendance, progress or changing courses should contact the provider promptly and check their visa grant conditions; individual migration advice may be needed.; [P27-1] Study Australia says Australian education providers offer a wide range of student support services, including on-arrival welcome and orientation programs, academic and student support advisers, language and learning support, and mental health, wellbeing and counselling services. Many providers also offer employment and careers services, childcare, clubs and societies, and student accommodation and housing services. Services and eligibility vary, so check the provider's website for current contacts. Use emergency services if there is immediate danger.; [P08-2] OSHC policies differ, so students should carefully read their policy terms to understand which services are covered and how to use their cover. Optional extras depend on the plan, and some policies include services such as physiotherapy, dental care and optical services. Study Melbourne advises confirming with the insurer what costs are covered before scheduling planned treatment. Using providers in the insurer's network can reduce out-of-pocket expenses.; [P07-1] For a non-emergency illness, Study Melbourne recommends starting with a general practitioner (GP), which is often more affordable than going directly to a hospital. Visiting doctors, specialists or hospitals in the insurer's network can reduce out-of-pocket expenses. If the student pays upfront for a service, they should save the receipts and submit a claim through the insurer's app, email or website to be reimbursed. The amount returned depends on the policy and the service.; [P08-1] Basic OSHC does not include optical care such as glasses, or dental care such as check-ups, fillings or dental surgery. A student can pay an additional premium for Extras cover, which can include dental and optical services. For dental care, Study Australia lists paying privately at a dental clinic, checking whether the OSHC provider offers optional extras cover, or using low-cost local or university dental clinics. Delaying dental care can lead to bigger problems later, so it is a good idea to ask about costs early.",1,2,2,Enrolment and AQF requirements are missing.
df3009016c,What counts as an urgent rental repair and what can a renter do if the provider does not respond?,"Victorian urgent repairs include a blocked or broken toilet, gas leak, dangerous electrical fault, serious roof leak, or failure of an essential hot-water, water, cooking, heating or laundering service. Contact the rental provider or agent immediately using the emergency number provided at move-in and confirm the request in writing. If the provider or agent does not respond promptly after being notified, a renter may organise and pay for an urgent repair costing $2,500 or less, then send written notice and receipts requesting repayment. The provider has seven days after receiving the notice to repay. For a repair over $2,500, do not arrange it yourself under this pathway; apply to Rental Dispute Resolution Victoria (RDRV) for help.","Urgent repairs in a rental property include issues like a blocked or broken toilet, gas leak, dangerous electrical fault, serious roof leak, or failure of essential services such as hot-water, water, cooking, heating, or laundering [P18-1]. If the provider or agent does not respond promptly, a renter may organize and pay for urgent repairs costing up to $2,500, then send written notice and receipts requesting repayment. The provider has seven days to repay; for repairs over $2,500, the renter should apply to Rental Dispute Resolution Victoria (RDRV) [P18-2].","[P18-1] Victorian urgent repairs include a blocked or broken toilet, gas leak, dangerous electrical fault, serious roof leak, or failure of an essential hot-water, water, cooking, heating or laundering service. Contact the rental provider or agent immediately using the emergency number provided at move-in and confirm the request in writing. The provider must arrange urgent repairs immediately. Keep records of contact attempts and receipts; continue paying rent while the repair is unresolved.; [P18-2] If the provider or agent does not respond promptly after being notified, a renter may organise and pay for an urgent repair costing $2,500 or less, then send written notice and receipts requesting repayment. The provider has seven days after receiving the notice to repay. For a repair over $2,500, do not arrange it yourself under this pathway; apply to Rental Dispute Resolution Victoria (RDRV) for help. The official page was last updated 26 February 2026.; [P17-1] Before signing a Victorian rental agreement, read and keep a copy of the agreement and ask questions about unclear terms. At the start of the tenancy, the rental provider must give the renter a condition report and information including the provider or agent's contact details and an emergency contact number. Record the property's condition, return the report by the stated deadline and keep a copy with dated photographs. Check the current Consumer Affairs Victoria guidance for exact obligations.; [P16-2] Renters and rental providers are encouraged to negotiate an agreement about any deduction, for example when a renter believes damage is fair wear and tear. When a renter starts a claim, the RTBA must notify the other parties, who have 14 days to contest it by applying to VCAT or Rental Dispute Resolution Victoria (RDRV). If no one contests, the bond is repaid as claimed. If there is a dispute, VCAT or RDRV makes a legally binding order and the RTBA repays the bond in accordance with that order.; [P29-1] Call Triple Zero (000) if there is an emergency, immediate danger or a crime happening now. When answered, say whether police, fire or ambulance is needed, explain the exact location and follow the operator's instructions. Study Melbourne notes 112 may be dialled when outside mobile coverage or not connected to the network, and 106 is for people with a speech or hearing impairment. Do not delay an emergency call to search online.",2,2,2,
e508da82d0,Can I bring my partner to Australia on my student visa?,Out of knowledge base: a cautious fallback is expected.,"Yes, you can bring your partner to Australia on your student visa, but there are specific conditions and requirements. Your partner would typically need to apply for a Subclass 500 Student Partner Visa. They must meet certain criteria, such as having a genuine relationship with you and being financially independent or having sufficient funds to support themselves. It's advisable to check the latest immigration guidelines and requirements from the Department of Home Affairs to ensure compliance with all necessary conditions.",,0,0,0,
a1d816b0f6,I studied here for more than six months. Does that automatically mean I need a tax return?,"No. An overseas student's tax residency is not decided by their visa alone; the ATO assesses it using residency tests such as the resides test. The ATO treats six months as a considerable time when deciding whether a person's behaviour is consistent with residing in Australia, but time alone is not decisive. Whether a person must lodge a tax return depends on their circumstances for that income year. The ATO's 'Do I need to lodge a tax return?' tool works out whether a return is needed for income years from 2012-13 to 2025-26.","Studying in Melbourne for more than six months does not automatically require you to file a tax return. However, if you earned income during your stay, such as from part-time work, you may be required to file a tax return. It's advisable to review the Australian Taxation Office (ATO) guidelines or consult with a tax professional to determine your specific obligations.",,1,0,2,Important residency and lodgment details are missing.
c66981fa63,Will my visa application be approved?,Out of knowledge base: a cautious fallback is expected.,"I understand your concern about your visa application being approved, but I don't have specific information about your application details or the outcome. Visa approvals depend on meeting the requirements set by the immigration authorities, which can vary. It's best to check the status of your application through the official government portal or contact the relevant embassy or visa office for updates and guidance. If you have specific concerns or questions about your application, consulting with a migration agent or advisor could also provide you with more personalized advice.",,2,0,2,
51b8ad615f,Is this rental contract safe for me to sign?,Out of knowledge base: a cautious fallback is expected.,"Before signing a rental agreement, it's important to read and understand the terms clearly. Keep a copy of the agreement and ask questions about any unclear terms. Ensure you receive a condition report at the start of the tenancy and record the property's condition. Return the report by the deadline and keep a copy with dated photographs. It's also advisable to check the current guidance from Consumer Affairs Victoria for detailed obligations. [P17-1]","[P20-1] Study Melbourne describes private rentals, student accommodation, homestay and short-term stays as possible housing options. Availability, contract terms and costs differ. Students are advised to inspect accommodation before signing or paying where possible, read the agreement, understand what is included, and use official or reputable provider information. A homestay arrangement is not necessarily the same legal arrangement as a residential tenancy, so check the agreement and obtain advice if the terms are unclear.; [P17-1] Before signing a Victorian rental agreement, read and keep a copy of the agreement and ask questions about unclear terms. At the start of the tenancy, the rental provider must give the renter a condition report and information including the provider or agent's contact details and an emergency contact number. Record the property's condition, return the report by the stated deadline and keep a copy with dated photographs. Check the current Consumer Affairs Victoria guidance for exact obligations.; [P15-1] The Residential Tenancies Bond Authority (RTBA) holds Victorian residential rental bonds in trust. When a renter pays the bond to a rental provider, the provider must lodge it with the RTBA within 14 days. The renter should review and accept the online lodgement, check that the names and amount are correct, and keep the bond receipt and number. A bond is not the same as rent paid in advance.; [P19-1] Rent in advance is rent paid before the period it covers; it is a payment to the rental provider and is not money held as a bond. Victorian rules limit how much rent can usually be requested in advance, with exceptions such as rent above the statutory weekly threshold. The precise limit depends on the payment frequency and rent amount. Check the current Consumer Affairs Victoria page and keep a receipt showing which rental period the payment covers.; [P18-1] Victorian urgent repairs include a blocked or broken toilet, gas leak, dangerous electrical fault, serious roof leak, or failure of an essential hot-water, water, cooking, heating or laundering service. Contact the rental provider or agent immediately using the emergency number provided at move-in and confirm the request in writing. The provider must arrange urgent repairs immediately. Keep records of contact attempts and receipts; continue paying rent while the repair is unresolved.",1,2,1,The contract-specific judgment should be refused.
469e86c7b4,How do I get a police check for a part-time job?,Out of knowledge base: a cautious fallback is expected.,I don't have approved information that answers this. Please check the official source directly or contact your university's international student support team.,"[P10-1] If someone is experiencing a medical emergency or is at immediate risk in Victoria, call Triple Zero (000) or go to a hospital emergency department. Tell the operator whether police, fire or ambulance is needed and give the exact location if possible. Study Melbourne also describes 112 for situations where the phone has no service or is not connected to the network. Do not use an information chatbot in place of emergency services.; [P29-1] Call Triple Zero (000) if there is an emergency, immediate danger or a crime happening now. When answered, say whether police, fire or ambulance is needed, explain the exact location and follow the operator's instructions. Study Melbourne notes 112 may be dialled when outside mobile coverage or not connected to the network, and 106 is for people with a speech or hearing impairment. Do not delay an emergency call to search online.; [P06-1] Overseas Student Health Cover (OSHC) is health insurance for international students living and studying in Australia. It is a visa requirement for most Student visa subclass 500 holders and must be in place for the student's entire stay in Australia. OSHC is not Medicare, and most international students are not eligible for Medicare, so OSHC is how they access healthcare. Check the policy dates against the visa grant and insurer documents so there is no gap in cover.; [P04-2] If an employee believes they are not receiving their minimum pay or other workplace rights, the Fair Work Ombudsman provides free information and advice. It can be contacted through Fair Work Online or the Fair Work Infoline on 13 13 94, and language help is available through the Translating and Interpreting Service on 13 14 50. A migrant worker can still ask the Fair Work Ombudsman for help to get minimum entitlements even if they have breached visa conditions. The Ombudsman says a person cannot get into trouble or have their visa cancelled for contacting it to ask about pay or workplace rights.; [P23-1] An overseas student's tax residency is not decided by their visa alone; the ATO assesses it using residency tests such as the resides test. The ATO treats six months as a considerable time when deciding whether a person's behaviour is consistent with residing in Australia, but time alone is not decisive. Its guidance on people entering Australia specifically considers students studying here. If a person has recently arrived, the ATO's 'Are you a resident?' tool can help work out their residency status.",2,0,2,
e35973c851,There is no hot water and the agent is not answering. What should I do first?,"Victorian urgent repairs include a blocked or broken toilet, gas leak, dangerous electrical fault, serious roof leak, or failure of an essential hot-water, water, cooking, heating or laundering service. Contact the rental provider or agent immediately using the emergency number provided at move-in and confirm the request in writing. If the provider or agent does not respond promptly after being notified, a renter may organise and pay for an urgent repair costing $2,500 or less, then send written notice and receipts requesting repayment. The provider has seven days after receiving the notice to repay.","First, you should contact the rental provider or agent immediately using the emergency number provided at move-in and confirm the request in writing. The provider must arrange urgent repairs immediately. [P18-1]","[P18-1] Victorian urgent repairs include a blocked or broken toilet, gas leak, dangerous electrical fault, serious roof leak, or failure of an essential hot-water, water, cooking, heating or laundering service. Contact the rental provider or agent immediately using the emergency number provided at move-in and confirm the request in writing. The provider must arrange urgent repairs immediately. Keep records of contact attempts and receipts; continue paying rent while the repair is unresolved.; [P18-2] If the provider or agent does not respond promptly after being notified, a renter may organise and pay for an urgent repair costing $2,500 or less, then send written notice and receipts requesting repayment. The provider has seven days after receiving the notice to repay. For a repair over $2,500, do not arrange it yourself under this pathway; apply to Rental Dispute Resolution Victoria (RDRV) for help. The official page was last updated 26 February 2026.; [P29-1] Call Triple Zero (000) if there is an emergency, immediate danger or a crime happening now. When answered, say whether police, fire or ambulance is needed, explain the exact location and follow the operator's instructions. Study Melbourne notes 112 may be dialled when outside mobile coverage or not connected to the network, and 106 is for people with a speech or hearing impairment. Do not delay an emergency call to search online.; [P10-1] If someone is experiencing a medical emergency or is at immediate risk in Victoria, call Triple Zero (000) or go to a hospital emergency department. Tell the operator whether police, fire or ambulance is needed and give the exact location if possible. Study Melbourne also describes 112 for situations where the phone has no service or is not connected to the network. Do not use an information chatbot in place of emergency services.; [P17-1] Before signing a Victorian rental agreement, read and keep a copy of the agreement and ask questions about unclear terms. At the start of the tenancy, the rental provider must give the renter a condition report and information including the provider or agent's contact details and an emergency contact number. Record the property's condition, return the report by the stated deadline and keep a copy with dated photographs. Check the current Consumer Affairs Victoria guidance for exact obligations.",1,2,2,The no-response next step is missing.
